condition,ayurvedic_name,kind,item,enforced_by_scan,modern_extrapolated,classical_ref,mechanism,item_ok,vaidya_notes
acidity,Amlapitta,pathya,coconut water (Narikela Jala),,,Charaka Chikitsa 15 (Amlapitta); Ashtanga Hridayam Chikitsa 10,Sour / pungent / fried aggravate Amlapitta.,,
acidity,Amlapitta,pathya,pomegranate,,,Charaka Chikitsa 15 (Amlapitta); Ashtanga Hridayam Chikitsa 10,Sour / pungent / fried aggravate Amlapitta.,,
acidity,Amlapitta,pathya,coriander seeds water,,,Charaka Chikitsa 15 (Amlapitta); Ashtanga Hridayam Chikitsa 10,Sour / pungent / fried aggravate Amlapitta.,,
acidity,Amlapitta,pathya,amla,,,Charaka Chikitsa 15 (Amlapitta); Ashtanga Hridayam Chikitsa 10,Sour / pungent / fried aggravate Amlapitta.,,
acidity,Amlapitta,pathya,fennel (Shatapushpa),,,Charaka Chikitsa 15 (Amlapitta); Ashtanga Hridayam Chikitsa 10,Sour / pungent / fried aggravate Amlapitta.,,
acidity,Amlapitta,pathya,old rice,,,Charaka Chikitsa 15 (Amlapitta); Ashtanga Hridayam Chikitsa 10,Sour / pungent / fried aggravate Amlapitta.,,
acidity,Amlapitta,pathya,ghee,,,Charaka Chikitsa 15 (Amlapitta); Ashtanga Hridayam Chikitsa 10,Sour / pungent / fried aggravate Amlapitta.,,
acidity,Amlapitta,pathya,milk (warm),,,Charaka Chikitsa 15 (Amlapitta); Ashtanga Hridayam Chikitsa 10,Sour / pungent / fried aggravate Amlapitta.,,
acidity,Amlapitta,apathya,sour foods,no,,Charaka Chikitsa 15 (Amlapitta); Ashtanga Hridayam Chikitsa 10,Sour / pungent / fried aggravate Amlapitta.,,
acidity,Amlapitta,apathya,fermented foods,no,,Charaka Chikitsa 15 (Amlapitta); Ashtanga Hridayam Chikitsa 10,Sour / pungent / fried aggravate Amlapitta.,,
acidity,Amlapitta,apathya,chilli,yes,,Charaka Chikitsa 15 (Amlapitta); Ashtanga Hridayam Chikitsa 10,Sour / pungent / fried aggravate Amlapitta.,,
acidity,Amlapitta,apathya,garlic,no,,Charaka Chikitsa 15 (Amlapitta); Ashtanga Hridayam Chikitsa 10,Sour / pungent / fried aggravate Amlapitta.,,
acidity,Amlapitta,apathya,onion,no,,Charaka Chikitsa 15 (Amlapitta); Ashtanga Hridayam Chikitsa 10,Sour / pungent / fried aggravate Amlapitta.,,
acidity,Amlapitta,apathya,coffee,yes,,Charaka Chikitsa 15 (Amlapitta); Ashtanga Hridayam Chikitsa 10,Sour / pungent / fried aggravate Amlapitta.,,
acidity,Amlapitta,apathya,alcohol,no,,Charaka Chikitsa 15 (Amlapitta); Ashtanga Hridayam Chikitsa 10,Sour / pungent / fried aggravate Amlapitta.,,
acidity,Amlapitta,apathya,eating before previous meal digests,no,,Charaka Chikitsa 15 (Amlapitta); Ashtanga Hridayam Chikitsa 10,Sour / pungent / fried aggravate Amlapitta.,,
amavata,Amavata (Rheumatoid Arthritis),pathya,ginger (Shunthi) — most important,,,Madhava Nidana 25 (Amavata Nidana); Yogaratnakara Amavata Chikitsa,Ama-forming and Srotas-blocking; curd is the first Apathya named.,,
amavata,Amavata (Rheumatoid Arthritis),pathya,garlic (Lasuna),,,Madhava Nidana 25 (Amavata Nidana); Yogaratnakara Amavata Chikitsa,Ama-forming and Srotas-blocking; curd is the first Apathya named.,,
amavata,Amavata (Rheumatoid Arthritis),pathya,horse gram (Kulatha) soup,,,Madhava Nidana 25 (Amavata Nidana); Yogaratnakara Amavata Chikitsa,Ama-forming and Srotas-blocking; curd is the first Apathya named.,,
amavata,Amavata (Rheumatoid Arthritis),pathya,castor oil (Eranda) with warm water,,,Madhava Nidana 25 (Amavata Nidana); Yogaratnakara Amavata Chikitsa,Ama-forming and Srotas-blocking; curd is the first Apathya named.,,
amavata,Amavata (Rheumatoid Arthritis),pathya,moong dal with turmeric,,,Madhava Nidana 25 (Amavata Nidana); Yogaratnakara Amavata Chikitsa,Ama-forming and Srotas-blocking; curd is the first Apathya named.,,
amavata,Amavata (Rheumatoid Arthritis),pathya,Rasona Kshira (garlic milk),,,Madhava Nidana 25 (Amavata Nidana); Yogaratnakara Amavata Chikitsa,Ama-forming and Srotas-blocking; curd is the first Apathya named.,,
amavata,Amavata (Rheumatoid Arthritis),apathya,curd (Dadhi),yes,,Madhava Nidana 25 (Amavata Nidana); Yogaratnakara Amavata Chikitsa,Ama-forming and Srotas-blocking; curd is the first Apathya named.,,
amavata,Amavata (Rheumatoid Arthritis),apathya,fish,yes,,Madhava Nidana 25 (Amavata Nidana); Yogaratnakara Amavata Chikitsa,Ama-forming and Srotas-blocking; curd is the first Apathya named.,,
amavata,Amavata (Rheumatoid Arthritis),apathya,black gram (Urad),yes,,Madhava Nidana 25 (Amavata Nidana); Yogaratnakara Amavata Chikitsa,Ama-forming and Srotas-blocking; curd is the first Apathya named.,,
amavata,Amavata (Rheumatoid Arthritis),apathya,new rice,no,,Madhava Nidana 25 (Amavata Nidana); Yogaratnakara Amavata Chikitsa,Ama-forming and Srotas-blocking; curd is the first Apathya named.,,
amavata,Amavata (Rheumatoid Arthritis),apathya,cold foods,no,,Madhava Nidana 25 (Amavata Nidana); Yogaratnakara Amavata Chikitsa,Ama-forming and Srotas-blocking; curd is the first Apathya named.,,
amavata,Amavata (Rheumatoid Arthritis),apathya,refrigerated food,no,,Madhava Nidana 25 (Amavata Nidana); Yogaratnakara Amavata Chikitsa,Ama-forming and Srotas-blocking; curd is the first Apathya named.,,
amavata,Amavata (Rheumatoid Arthritis),apathya,incompatible food combinations,no,,Madhava Nidana 25 (Amavata Nidana); Yogaratnakara Amavata Chikitsa,Ama-forming and Srotas-blocking; curd is the first Apathya named.,,
anemia,Pandu Roga,pathya,pomegranate (Dadima),,,Charaka Chikitsa 16 (Pandu Roga Chikitsa); Ashtanga Hridayam Chikitsa 13,"Sour, alkaline and Viruddha foods obstruct Rasa-Rakta formation.",,
anemia,Pandu Roga,pathya,amla (Amalaki),,,Charaka Chikitsa 16 (Pandu Roga Chikitsa); Ashtanga Hridayam Chikitsa 13,"Sour, alkaline and Viruddha foods obstruct Rasa-Rakta formation.",,
anemia,Pandu Roga,pathya,dates (Kharjura),,,Charaka Chikitsa 16 (Pandu Roga Chikitsa); Ashtanga Hridayam Chikitsa 13,"Sour, alkaline and Viruddha foods obstruct Rasa-Rakta formation.",,
anemia,Pandu Roga,pathya,beetroot,,,Charaka Chikitsa 16 (Pandu Roga Chikitsa); Ashtanga Hridayam Chikitsa 13,"Sour, alkaline and Viruddha foods obstruct Rasa-Rakta formation.",,
anemia,Pandu Roga,pathya,spinach (Palaka) cooked with iron vessel or sesame,,,Charaka Chikitsa 16 (Pandu Roga Chikitsa); Ashtanga Hridayam Chikitsa 13,"Sour, alkaline and Viruddha foods obstruct Rasa-Rakta formation.",,
anemia,Pandu Roga,pathya,sesame seeds (Tila),,,Charaka Chikitsa 16 (Pandu Roga Chikitsa); Ashtanga Hridayam Chikitsa 13,"Sour, alkaline and Viruddha foods obstruct Rasa-Rakta formation.",,
anemia,Pandu Roga,pathya,jaggery (Guda) with amla,,,Charaka Chikitsa 16 (Pandu Roga Chikitsa); Ashtanga Hridayam Chikitsa 13,"Sour, alkaline and Viruddha foods obstruct Rasa-Rakta formation.",,
anemia,Pandu Roga,apathya,clay eating,yes,,Charaka Chikitsa 16 (Pandu Roga Chikitsa); Ashtanga Hridayam Chikitsa 13,"Sour, alkaline and Viruddha foods obstruct Rasa-Rakta formation.",,
anemia,Pandu Roga,apathya,excess raw food,no,,Charaka Chikitsa 16 (Pandu Roga Chikitsa); Ashtanga Hridayam Chikitsa 13,"Sour, alkaline and Viruddha foods obstruct Rasa-Rakta formation.",,
anemia,Pandu Roga,apathya,cold water,no,,Charaka Chikitsa 16 (Pandu Roga Chikitsa); Ashtanga Hridayam Chikitsa 13,"Sour, alkaline and Viruddha foods obstruct Rasa-Rakta formation.",,
anemia,Pandu Roga,apathya,curd with milk,no,,Charaka Chikitsa 16 (Pandu Roga Chikitsa); Ashtanga Hridayam Chikitsa 13,"Sour, alkaline and Viruddha foods obstruct Rasa-Rakta formation.",,
anemia,Pandu Roga,apathya,excess exercise during treatment,no,,Charaka Chikitsa 16 (Pandu Roga Chikitsa); Ashtanga Hridayam Chikitsa 13,"Sour, alkaline and Viruddha foods obstruct Rasa-Rakta formation.",,
ankylosing_spondylitis,Asthi-Majjagata Vata with Ama,pathya,warm freshly cooked food,,,Charaka Chikitsa 28 (Vatavyadhi); Charaka Chikitsa 29 (Vatashonita),Ama-forming and Vata-increasing foods drive the Asthi-Majjagata process.,,
ankylosing_spondylitis,Asthi-Majjagata Vata with Ama,pathya,cow's ghee,,,Charaka Chikitsa 28 (Vatavyadhi); Charaka Chikitsa 29 (Vatashonita),Ama-forming and Vata-increasing foods drive the Asthi-Majjagata process.,,
ankylosing_spondylitis,Asthi-Majjagata Vata with Ama,pathya,dry ginger (Shunthi),,,Charaka Chikitsa 28 (Vatavyadhi); Charaka Chikitsa 29 (Vatashonita),Ama-forming and Vata-increasing foods drive the Asthi-Majjagata process.,,
ankylosing_spondylitis,Asthi-Majjagata Vata with Ama,pathya,turmeric (Haridra),,,Charaka Chikitsa 28 (Vatavyadhi); Charaka Chikitsa 29 (Vatashonita),Ama-forming and Vata-increasing foods drive the Asthi-Majjagata process.,,
ankylosing_spondylitis,Asthi-Majjagata Vata with Ama,pathya,garlic,,,Charaka Chikitsa 28 (Vatavyadhi); Charaka Chikitsa 29 (Vatashonita),Ama-forming and Vata-increasing foods drive the Asthi-Majjagata process.,,
ankylosing_spondylitis,Asthi-Majjagata Vata with Ama,pathya,moong dal,,,Charaka Chikitsa 28 (Vatavyadhi); Charaka Chikitsa 29 (Vatashonita),Ama-forming and Vata-increasing foods drive the Asthi-Majjagata process.,,
ankylosing_spondylitis,Asthi-Majjagata Vata with Ama,pathya,old rice,,,Charaka Chikitsa 28 (Vatavyadhi); Charaka Chikitsa 29 (Vatashonita),Ama-forming and Vata-increasing foods drive the Asthi-Majjagata process.,,
ankylosing_spondylitis,Asthi-Majjagata Vata with Ama,pathya,Guggulu preparations,,,Charaka Chikitsa 28 (Vatavyadhi); Charaka Chikitsa 29 (Vatashonita),Ama-forming and Vata-increasing foods drive the Asthi-Majjagata process.,,
ankylosing_spondylitis,Asthi-Majjagata Vata with Ama,apathya,curd (Dadhi),yes,,Charaka Chikitsa 28 (Vatavyadhi); Charaka Chikitsa 29 (Vatashonita),Ama-forming and Vata-increasing foods drive the Asthi-Majjagata process.,,
ankylosing_spondylitis,Asthi-Majjagata Vata with Ama,apathya,cold and refrigerated foods,yes,,Charaka Chikitsa 28 (Vatavyadhi); Charaka Chikitsa 29 (Vatashonita),Ama-forming and Vata-increasing foods drive the Asthi-Majjagata process.,,
ankylosing_spondylitis,Asthi-Majjagata Vata with Ama,apathya,fermented foods,yes,,Charaka Chikitsa 28 (Vatavyadhi); Charaka Chikitsa 29 (Vatashonita),Ama-forming and Vata-increasing foods drive the Asthi-Majjagata process.,,
ankylosing_spondylitis,Asthi-Majjagata Vata with Ama,apathya,urad dal and rajma,yes,,Charaka Chikitsa 28 (Vatavyadhi); Charaka Chikitsa 29 (Vatashonita),Ama-forming and Vata-increasing foods drive the Asthi-Majjagata process.,,
ankylosing_spondylitis,Asthi-Majjagata Vata with Ama,apathya,deep-fried foods,yes,,Charaka Chikitsa 28 (Vatavyadhi); Charaka Chikitsa 29 (Vatashonita),Ama-forming and Vata-increasing foods drive the Asthi-Majjagata process.,,
ankylosing_spondylitis,Asthi-Majjagata Vata with Ama,apathya,incompatible combinations (Viruddha Ahara),no,,Charaka Chikitsa 28 (Vatavyadhi); Charaka Chikitsa 29 (Vatashonita),Ama-forming and Vata-increasing foods drive the Asthi-Majjagata process.,,
anxiety,Chittodvega,pathya,warm milk with nutmeg,,,Charaka Sutra 11 (Manasa); Charaka Chikitsa 9 (Unmada),"Stimulants and dry, cold, irregular food aggravate Vata in the Manovaha srotas.",,
anxiety,Chittodvega,pathya,cow's ghee,,,Charaka Sutra 11 (Manasa); Charaka Chikitsa 9 (Unmada),"Stimulants and dry, cold, irregular food aggravate Vata in the Manovaha srotas.",,
anxiety,Chittodvega,pathya,soaked almonds,,,Charaka Sutra 11 (Manasa); Charaka Chikitsa 9 (Unmada),"Stimulants and dry, cold, irregular food aggravate Vata in the Manovaha srotas.",,
anxiety,Chittodvega,pathya,dates (Kharjura),,,Charaka Sutra 11 (Manasa); Charaka Chikitsa 9 (Unmada),"Stimulants and dry, cold, irregular food aggravate Vata in the Manovaha srotas.",,
anxiety,Chittodvega,pathya,Brahmi and Ashwagandha preparations,,,Charaka Sutra 11 (Manasa); Charaka Chikitsa 9 (Unmada),"Stimulants and dry, cold, irregular food aggravate Vata in the Manovaha srotas.",,
anxiety,Chittodvega,pathya,rice,,,Charaka Sutra 11 (Manasa); Charaka Chikitsa 9 (Unmada),"Stimulants and dry, cold, irregular food aggravate Vata in the Manovaha srotas.",,
anxiety,Chittodvega,pathya,sesame seeds,,,Charaka Sutra 11 (Manasa); Charaka Chikitsa 9 (Unmada),"Stimulants and dry, cold, irregular food aggravate Vata in the Manovaha srotas.",,
anxiety,Chittodvega,pathya,regular meal times,,,Charaka Sutra 11 (Manasa); Charaka Chikitsa 9 (Unmada),"Stimulants and dry, cold, irregular food aggravate Vata in the Manovaha srotas.",,
anxiety,Chittodvega,apathya,coffee and strong black tea,yes,,Charaka Sutra 11 (Manasa); Charaka Chikitsa 9 (Unmada),"Stimulants and dry, cold, irregular food aggravate Vata in the Manovaha srotas.",,
anxiety,Chittodvega,apathya,alcohol,yes,,Charaka Sutra 11 (Manasa); Charaka Chikitsa 9 (Unmada),"Stimulants and dry, cold, irregular food aggravate Vata in the Manovaha srotas.",,
anxiety,Chittodvega,apathya,energy drinks,yes,,Charaka Sutra 11 (Manasa); Charaka Chikitsa 9 (Unmada),"Stimulants and dry, cold, irregular food aggravate Vata in the Manovaha srotas.",,
anxiety,Chittodvega,apathya,dry and raw cold foods,no,,Charaka Sutra 11 (Manasa); Charaka Chikitsa 9 (Unmada),"Stimulants and dry, cold, irregular food aggravate Vata in the Manovaha srotas.",,
anxiety,Chittodvega,apathya,skipping meals,no,,Charaka Sutra 11 (Manasa); Charaka Chikitsa 9 (Unmada),"Stimulants and dry, cold, irregular food aggravate Vata in the Manovaha srotas.",,
anxiety,Chittodvega,apathya,excess pungent food,no,,Charaka Sutra 11 (Manasa); Charaka Chikitsa 9 (Unmada),"Stimulants and dry, cold, irregular food aggravate Vata in the Manovaha srotas.",,
arsha,Arsha (Haemorrhoids / Piles),pathya,horse gram (Kulatha),,,Charaka Chikitsa 14 (Arsha Chikitsa); Sushruta Nidana 2,"Pungent, fried and flatulent foods aggravate Arsha.",,
arsha,Arsha (Haemorrhoids / Piles),pathya,wheat (Godhuma) without bran loss,,,Charaka Chikitsa 14 (Arsha Chikitsa); Sushruta Nidana 2,"Pungent, fried and flatulent foods aggravate Arsha.",,
arsha,Arsha (Haemorrhoids / Piles),pathya,old rice,,,Charaka Chikitsa 14 (Arsha Chikitsa); Sushruta Nidana 2,"Pungent, fried and flatulent foods aggravate Arsha.",,
arsha,Arsha (Haemorrhoids / Piles),pathya,buttermilk,,,Charaka Chikitsa 14 (Arsha Chikitsa); Sushruta Nidana 2,"Pungent, fried and flatulent foods aggravate Arsha.",,
arsha,Arsha (Haemorrhoids / Piles),pathya,drumstick (Shigru) flowers,,,Charaka Chikitsa 14 (Arsha Chikitsa); Sushruta Nidana 2,"Pungent, fried and flatulent foods aggravate Arsha.",,
arsha,Arsha (Haemorrhoids / Piles),pathya,Haritaki (Chebulic myrobalan),,,Charaka Chikitsa 14 (Arsha Chikitsa); Sushruta Nidana 2,"Pungent, fried and flatulent foods aggravate Arsha.",,
arsha,Arsha (Haemorrhoids / Piles),pathya,pomegranate,,,Charaka Chikitsa 14 (Arsha Chikitsa); Sushruta Nidana 2,"Pungent, fried and flatulent foods aggravate Arsha.",,
arsha,Arsha (Haemorrhoids / Piles),apathya,excess spicy food,no,,Charaka Chikitsa 14 (Arsha Chikitsa); Sushruta Nidana 2,"Pungent, fried and flatulent foods aggravate Arsha.",,
arsha,Arsha (Haemorrhoids / Piles),apathya,fried food,no,,Charaka Chikitsa 14 (Arsha Chikitsa); Sushruta Nidana 2,"Pungent, fried and flatulent foods aggravate Arsha.",,
arsha,Arsha (Haemorrhoids / Piles),apathya,beans causing flatulence,no,,Charaka Chikitsa 14 (Arsha Chikitsa); Sushruta Nidana 2,"Pungent, fried and flatulent foods aggravate Arsha.",,
arsha,Arsha (Haemorrhoids / Piles),apathya,sitting for long hours after eating,no,,Charaka Chikitsa 14 (Arsha Chikitsa); Sushruta Nidana 2,"Pungent, fried and flatulent foods aggravate Arsha.",,
arsha,Arsha (Haemorrhoids / Piles),apathya,suppression of natural urges,no,,Charaka Chikitsa 14 (Arsha Chikitsa); Sushruta Nidana 2,"Pungent, fried and flatulent foods aggravate Arsha.",,
asthma,Tamaka Shwasa,pathya,ginger (Shunthi),,,Charaka Chikitsa 17 (Shwasa Chikitsa); Ashtanga Hridayam Chikitsa 4,"Cold, heavy and Kapha-increasing foods provoke Shwasa.",,
asthma,Tamaka Shwasa,pathya,black pepper (Maricha),,,Charaka Chikitsa 17 (Shwasa Chikitsa); Ashtanga Hridayam Chikitsa 4,"Cold, heavy and Kapha-increasing foods provoke Shwasa.",,
asthma,Tamaka Shwasa,pathya,long pepper (Pippali),,,Charaka Chikitsa 17 (Shwasa Chikitsa); Ashtanga Hridayam Chikitsa 4,"Cold, heavy and Kapha-increasing foods provoke Shwasa.",,
asthma,Tamaka Shwasa,pathya,honey (Madhu),,,Charaka Chikitsa 17 (Shwasa Chikitsa); Ashtanga Hridayam Chikitsa 4,"Cold, heavy and Kapha-increasing foods provoke Shwasa.",,
asthma,Tamaka Shwasa,pathya,warm foods,,,Charaka Chikitsa 17 (Shwasa Chikitsa); Ashtanga Hridayam Chikitsa 4,"Cold, heavy and Kapha-increasing foods provoke Shwasa.",,
asthma,Tamaka Shwasa,pathya,Tulsi tea,,,Charaka Chikitsa 17 (Shwasa Chikitsa); Ashtanga Hridayam Chikitsa 4,"Cold, heavy and Kapha-increasing foods provoke Shwasa.",,
asthma,Tamaka Shwasa,pathya,light easily digestible foods,,,Charaka Chikitsa 17 (Shwasa Chikitsa); Ashtanga Hridayam Chikitsa 4,"Cold, heavy and Kapha-increasing foods provoke Shwasa.",,
asthma,Tamaka Shwasa,apathya,cold foods,no,,Charaka Chikitsa 17 (Shwasa Chikitsa); Ashtanga Hridayam Chikitsa 4,"Cold, heavy and Kapha-increasing foods provoke Shwasa.",,
asthma,Tamaka Shwasa,apathya,cold water,no,,Charaka Chikitsa 17 (Shwasa Chikitsa); Ashtanga Hridayam Chikitsa 4,"Cold, heavy and Kapha-increasing foods provoke Shwasa.",,
asthma,Tamaka Shwasa,apathya,curd,yes,,Charaka Chikitsa 17 (Shwasa Chikitsa); Ashtanga Hridayam Chikitsa 4,"Cold, heavy and Kapha-increasing foods provoke Shwasa.",,
asthma,Tamaka Shwasa,apathya,banana,yes,,Charaka Chikitsa 17 (Shwasa Chikitsa); Ashtanga Hridayam Chikitsa 4,"Cold, heavy and Kapha-increasing foods provoke Shwasa.",,
asthma,Tamaka Shwasa,apathya,ice cream,yes,,Charaka Chikitsa 17 (Shwasa Chikitsa); Ashtanga Hridayam Chikitsa 4,"Cold, heavy and Kapha-increasing foods provoke Shwasa.",,
asthma,Tamaka Shwasa,apathya,fried foods,no,,Charaka Chikitsa 17 (Shwasa Chikitsa); Ashtanga Hridayam Chikitsa 4,"Cold, heavy and Kapha-increasing foods provoke Shwasa.",,
asthma,Tamaka Shwasa,apathya,excess sweet taste,no,,Charaka Chikitsa 17 (Shwasa Chikitsa); Ashtanga Hridayam Chikitsa 4,"Cold, heavy and Kapha-increasing foods provoke Shwasa.",,
asthma,Tamaka Shwasa,apathya,fish and dairy together,yes,,Charaka Chikitsa 17 (Shwasa Chikitsa); Ashtanga Hridayam Chikitsa 4,"Cold, heavy and Kapha-increasing foods provoke Shwasa.",,
bloating,Adhmana / Anaha (Vata-Ama in the Pakvashaya),pathya,hing (Hingu) in the tadka,,,Charaka Sutra 19 (Anaha); Ashtanga Hridayam Nidana 8,Vatala and gas-forming foods distend the Pakvashaya where Vata is already obstructed by Ama.,,
bloating,Adhmana / Anaha (Vata-Ama in the Pakvashaya),pathya,ajwain (Yavani) water,,,Charaka Sutra 19 (Anaha); Ashtanga Hridayam Nidana 8,Vatala and gas-forming foods distend the Pakvashaya where Vata is already obstructed by Ama.,,
bloating,Adhmana / Anaha (Vata-Ama in the Pakvashaya),pathya,cumin-coriander-fennel water,,,Charaka Sutra 19 (Anaha); Ashtanga Hridayam Nidana 8,Vatala and gas-forming foods distend the Pakvashaya where Vata is already obstructed by Ama.,,
bloating,Adhmana / Anaha (Vata-Ama in the Pakvashaya),pathya,ginger with rock salt before meals,,,Charaka Sutra 19 (Anaha); Ashtanga Hridayam Nidana 8,Vatala and gas-forming foods distend the Pakvashaya where Vata is already obstructed by Ama.,,
bloating,Adhmana / Anaha (Vata-Ama in the Pakvashaya),pathya,"moong dal (well cooked, thin)",,,Charaka Sutra 19 (Anaha); Ashtanga Hridayam Nidana 8,Vatala and gas-forming foods distend the Pakvashaya where Vata is already obstructed by Ama.,,
bloating,Adhmana / Anaha (Vata-Ama in the Pakvashaya),pathya,buttermilk (Takra) with ajwain,,,Charaka Sutra 19 (Anaha); Ashtanga Hridayam Nidana 8,Vatala and gas-forming foods distend the Pakvashaya where Vata is already obstructed by Ama.,,
bloating,Adhmana / Anaha (Vata-Ama in the Pakvashaya),pathya,warm cooked vegetables,,,Charaka Sutra 19 (Anaha); Ashtanga Hridayam Nidana 8,Vatala and gas-forming foods distend the Pakvashaya where Vata is already obstructed by Ama.,,
bloating,Adhmana / Anaha (Vata-Ama in the Pakvashaya),pathya,old rice,,,Charaka Sutra 19 (Anaha); Ashtanga Hridayam Nidana 8,Vatala and gas-forming foods distend the Pakvashaya where Vata is already obstructed by Ama.,,
bloating,Adhmana / Anaha (Vata-Ama in the Pakvashaya),apathya,raw salads,yes,,Charaka Sutra 19 (Anaha); Ashtanga Hridayam Nidana 8,Vatala and gas-forming foods distend the Pakvashaya where Vata is already obstructed by Ama.,,
bloating,Adhmana / Anaha (Vata-Ama in the Pakvashaya),apathya,"cabbage, cauliflower and broccoli",yes,,Charaka Sutra 19 (Anaha); Ashtanga Hridayam Nidana 8,Vatala and gas-forming foods distend the Pakvashaya where Vata is already obstructed by Ama.,,
bloating,Adhmana / Anaha (Vata-Ama in the Pakvashaya),apathya,"rajma, chana and other heavy legumes",yes,,Charaka Sutra 19 (Anaha); Ashtanga Hridayam Nidana 8,Vatala and gas-forming foods distend the Pakvashaya where Vata is already obstructed by Ama.,,
bloating,Adhmana / Anaha (Vata-Ama in the Pakvashaya),apathya,carbonated drinks,yes,,Charaka Sutra 19 (Anaha); Ashtanga Hridayam Nidana 8,Vatala and gas-forming foods distend the Pakvashaya where Vata is already obstructed by Ama.,,
bloating,Adhmana / Anaha (Vata-Ama in the Pakvashaya),apathya,curd at night,yes,,Charaka Sutra 19 (Anaha); Ashtanga Hridayam Nidana 8,Vatala and gas-forming foods distend the Pakvashaya where Vata is already obstructed by Ama.,,
bloating,Adhmana / Anaha (Vata-Ama in the Pakvashaya),apathya,cold water with meals,yes,,Charaka Sutra 19 (Anaha); Ashtanga Hridayam Nidana 8,Vatala and gas-forming foods distend the Pakvashaya where Vata is already obstructed by Ama.,,
bloating,Adhmana / Anaha (Vata-Ama in the Pakvashaya),apathya,eating before the previous meal is digested,no,,Charaka Sutra 19 (Anaha); Ashtanga Hridayam Nidana 8,Vatala and gas-forming foods distend the Pakvashaya where Vata is already obstructed by Ama.,,
bloating,Adhmana / Anaha (Vata-Ama in the Pakvashaya),apathya,suppressing the urge to pass flatus,no,,Charaka Sutra 19 (Anaha); Ashtanga Hridayam Nidana 8,Vatala and gas-forming foods distend the Pakvashaya where Vata is already obstructed by Ama.,,
cervical_spondylosis,Griva Sandhigata Vata / Manyastambha,pathya,cow's ghee,,,Charaka Chikitsa 28 (Vatavyadhi); Ashtanga Hridayam Nidana 15,"Cold, dry and fermented foods increase Vata in the cervical Sandhi.",,
cervical_spondylosis,Griva Sandhigata Vata / Manyastambha,pathya,sesame oil,,,Charaka Chikitsa 28 (Vatavyadhi); Ashtanga Hridayam Nidana 15,"Cold, dry and fermented foods increase Vata in the cervical Sandhi.",,
cervical_spondylosis,Griva Sandhigata Vata / Manyastambha,pathya,warm milk,,,Charaka Chikitsa 28 (Vatavyadhi); Ashtanga Hridayam Nidana 15,"Cold, dry and fermented foods increase Vata in the cervical Sandhi.",,
cervical_spondylosis,Griva Sandhigata Vata / Manyastambha,pathya,garlic,,,Charaka Chikitsa 28 (Vatavyadhi); Ashtanga Hridayam Nidana 15,"Cold, dry and fermented foods increase Vata in the cervical Sandhi.",,
cervical_spondylosis,Griva Sandhigata Vata / Manyastambha,pathya,ginger,,,Charaka Chikitsa 28 (Vatavyadhi); Ashtanga Hridayam Nidana 15,"Cold, dry and fermented foods increase Vata in the cervical Sandhi.",,
cervical_spondylosis,Griva Sandhigata Vata / Manyastambha,pathya,moong dal,,,Charaka Chikitsa 28 (Vatavyadhi); Ashtanga Hridayam Nidana 15,"Cold, dry and fermented foods increase Vata in the cervical Sandhi.",,
cervical_spondylosis,Griva Sandhigata Vata / Manyastambha,pathya,old rice,,,Charaka Chikitsa 28 (Vatavyadhi); Ashtanga Hridayam Nidana 15,"Cold, dry and fermented foods increase Vata in the cervical Sandhi.",,
cervical_spondylosis,Griva Sandhigata Vata / Manyastambha,pathya,warm cooked vegetables,,,Charaka Chikitsa 28 (Vatavyadhi); Ashtanga Hridayam Nidana 15,"Cold, dry and fermented foods increase Vata in the cervical Sandhi.",,
cervical_spondylosis,Griva Sandhigata Vata / Manyastambha,apathya,cold and refrigerated foods,yes,,Charaka Chikitsa 28 (Vatavyadhi); Ashtanga Hridayam Nidana 15,"Cold, dry and fermented foods increase Vata in the cervical Sandhi.",,
cervical_spondylosis,Griva Sandhigata Vata / Manyastambha,apathya,curd at night,yes,,Charaka Chikitsa 28 (Vatavyadhi); Ashtanga Hridayam Nidana 15,"Cold, dry and fermented foods increase Vata in the cervical Sandhi.",,
cervical_spondylosis,Griva Sandhigata Vata / Manyastambha,apathya,dry and raw foods,no,,Charaka Chikitsa 28 (Vatavyadhi); Ashtanga Hridayam Nidana 15,"Cold, dry and fermented foods increase Vata in the cervical Sandhi.",,
cervical_spondylosis,Griva Sandhigata Vata / Manyastambha,apathya,fermented foods,no,,Charaka Chikitsa 28 (Vatavyadhi); Ashtanga Hridayam Nidana 15,"Cold, dry and fermented foods increase Vata in the cervical Sandhi.",,
cervical_spondylosis,Griva Sandhigata Vata / Manyastambha,apathya,carbonated drinks,no,,Charaka Chikitsa 28 (Vatavyadhi); Ashtanga Hridayam Nidana 15,"Cold, dry and fermented foods increase Vata in the cervical Sandhi.",,
common_cold,Pratishyaya,pathya,warm water,,,Ashtanga Hridayam Uttara 24 (Nasaroga); Charaka Chikitsa 26,Cold and heavy foods increase Kapha and prolong Pratishyaya.,,
common_cold,Pratishyaya,pathya,ginger and tulsi decoction,,,Ashtanga Hridayam Uttara 24 (Nasaroga); Charaka Chikitsa 26,Cold and heavy foods increase Kapha and prolong Pratishyaya.,,
common_cold,Pratishyaya,pathya,black pepper,,,Ashtanga Hridayam Uttara 24 (Nasaroga); Charaka Chikitsa 26,Cold and heavy foods increase Kapha and prolong Pratishyaya.,,
common_cold,Pratishyaya,pathya,honey,,,Ashtanga Hridayam Uttara 24 (Nasaroga); Charaka Chikitsa 26,Cold and heavy foods increase Kapha and prolong Pratishyaya.,,
common_cold,Pratishyaya,pathya,turmeric milk,,,Ashtanga Hridayam Uttara 24 (Nasaroga); Charaka Chikitsa 26,Cold and heavy foods increase Kapha and prolong Pratishyaya.,,
common_cold,Pratishyaya,pathya,light khichdi,,,Ashtanga Hridayam Uttara 24 (Nasaroga); Charaka Chikitsa 26,Cold and heavy foods increase Kapha and prolong Pratishyaya.,,
common_cold,Pratishyaya,pathya,warm soups,,,Ashtanga Hridayam Uttara 24 (Nasaroga); Charaka Chikitsa 26,Cold and heavy foods increase Kapha and prolong Pratishyaya.,,
common_cold,Pratishyaya,apathya,curd,yes,,Ashtanga Hridayam Uttara 24 (Nasaroga); Charaka Chikitsa 26,Cold and heavy foods increase Kapha and prolong Pratishyaya.,,
common_cold,Pratishyaya,apathya,banana,yes,,Ashtanga Hridayam Uttara 24 (Nasaroga); Charaka Chikitsa 26,Cold and heavy foods increase Kapha and prolong Pratishyaya.,,
common_cold,Pratishyaya,apathya,cold drinks,yes,,Ashtanga Hridayam Uttara 24 (Nasaroga); Charaka Chikitsa 26,Cold and heavy foods increase Kapha and prolong Pratishyaya.,,
common_cold,Pratishyaya,apathya,ice cream,yes,,Ashtanga Hridayam Uttara 24 (Nasaroga); Charaka Chikitsa 26,Cold and heavy foods increase Kapha and prolong Pratishyaya.,,
common_cold,Pratishyaya,apathya,deep-fried foods,yes,,Ashtanga Hridayam Uttara 24 (Nasaroga); Charaka Chikitsa 26,Cold and heavy foods increase Kapha and prolong Pratishyaya.,,
common_cold,Pratishyaya,apathya,heavy dairy,no,,Ashtanga Hridayam Uttara 24 (Nasaroga); Charaka Chikitsa 26,Cold and heavy foods increase Kapha and prolong Pratishyaya.,,
common_cold,Pratishyaya,apathya,sleeping during the day,no,,Ashtanga Hridayam Uttara 24 (Nasaroga); Charaka Chikitsa 26,Cold and heavy foods increase Kapha and prolong Pratishyaya.,,
constipation,Vibandha / Anaha,pathya,warm water in morning,,,Charaka Sutra 28; Ashtanga Hridayam Chikitsa 9,"Dry, rough and cold foods harden the stool and increase Vata.",,
constipation,Vibandha / Anaha,pathya,castor oil (Eranda) in milk,,,Charaka Sutra 28; Ashtanga Hridayam Chikitsa 9,"Dry, rough and cold foods harden the stool and increase Vata.",,
constipation,Vibandha / Anaha,pathya,figs (Anjeer),,,Charaka Sutra 28; Ashtanga Hridayam Chikitsa 9,"Dry, rough and cold foods harden the stool and increase Vata.",,
constipation,Vibandha / Anaha,pathya,flaxseeds,,,Charaka Sutra 28; Ashtanga Hridayam Chikitsa 9,"Dry, rough and cold foods harden the stool and increase Vata.",,
constipation,Vibandha / Anaha,pathya,psyllium husk,,,Charaka Sutra 28; Ashtanga Hridayam Chikitsa 9,"Dry, rough and cold foods harden the stool and increase Vata.",,
constipation,Vibandha / Anaha,pathya,"triphala (Haritaki, Amalaki, Bibhitaki)",,,Charaka Sutra 28; Ashtanga Hridayam Chikitsa 9,"Dry, rough and cold foods harden the stool and increase Vata.",,
constipation,Vibandha / Anaha,pathya,ghee in food,,,Charaka Sutra 28; Ashtanga Hridayam Chikitsa 9,"Dry, rough and cold foods harden the stool and increase Vata.",,
constipation,Vibandha / Anaha,apathya,"dry, light foods in excess",no,,Charaka Sutra 28; Ashtanga Hridayam Chikitsa 9,"Dry, rough and cold foods harden the stool and increase Vata.",,
constipation,Vibandha / Anaha,apathya,cold water,no,,Charaka Sutra 28; Ashtanga Hridayam Chikitsa 9,"Dry, rough and cold foods harden the stool and increase Vata.",,
constipation,Vibandha / Anaha,apathya,suppressing the urge to defecate,no,,Charaka Sutra 28; Ashtanga Hridayam Chikitsa 9,"Dry, rough and cold foods harden the stool and increase Vata.",,
constipation,Vibandha / Anaha,apathya,excess travel/exertion,no,,Charaka Sutra 28; Ashtanga Hridayam Chikitsa 9,"Dry, rough and cold foods harden the stool and increase Vata.",,
depression,Vishada / Manasa Avasada,pathya,warm light freshly cooked food,,,Charaka Chikitsa 9 (Unmada); Charaka Sutra 11,"Heavy, cold and stale foods increase Kapha and Tamas in the Manovaha srotas.",,
depression,Vishada / Manasa Avasada,pathya,cow's ghee,,,Charaka Chikitsa 9 (Unmada); Charaka Sutra 11,"Heavy, cold and stale foods increase Kapha and Tamas in the Manovaha srotas.",,
depression,Vishada / Manasa Avasada,pathya,saffron milk,,,Charaka Chikitsa 9 (Unmada); Charaka Sutra 11,"Heavy, cold and stale foods increase Kapha and Tamas in the Manovaha srotas.",,
depression,Vishada / Manasa Avasada,pathya,dates,,,Charaka Chikitsa 9 (Unmada); Charaka Sutra 11,"Heavy, cold and stale foods increase Kapha and Tamas in the Manovaha srotas.",,
depression,Vishada / Manasa Avasada,pathya,Brahmi and Jatamansi preparations,,,Charaka Chikitsa 9 (Unmada); Charaka Sutra 11,"Heavy, cold and stale foods increase Kapha and Tamas in the Manovaha srotas.",,
depression,Vishada / Manasa Avasada,pathya,sesame seeds,,,Charaka Chikitsa 9 (Unmada); Charaka Sutra 11,"Heavy, cold and stale foods increase Kapha and Tamas in the Manovaha srotas.",,
depression,Vishada / Manasa Avasada,pathya,warming spices,,,Charaka Chikitsa 9 (Unmada); Charaka Sutra 11,"Heavy, cold and stale foods increase Kapha and Tamas in the Manovaha srotas.",,
depression,Vishada / Manasa Avasada,apathya,heavy cold Kapha-increasing foods,no,,Charaka Chikitsa 9 (Unmada); Charaka Sutra 11,"Heavy, cold and stale foods increase Kapha and Tamas in the Manovaha srotas.",,
depression,Vishada / Manasa Avasada,apathya,excess sweets,no,,Charaka Chikitsa 9 (Unmada); Charaka Sutra 11,"Heavy, cold and stale foods increase Kapha and Tamas in the Manovaha srotas.",,
depression,Vishada / Manasa Avasada,apathya,alcohol,yes,,Charaka Chikitsa 9 (Unmada); Charaka Sutra 11,"Heavy, cold and stale foods increase Kapha and Tamas in the Manovaha srotas.",,
depression,Vishada / Manasa Avasada,apathya,stale and reheated food,yes,,Charaka Chikitsa 9 (Unmada); Charaka Sutra 11,"Heavy, cold and stale foods increase Kapha and Tamas in the Manovaha srotas.",,
depression,Vishada / Manasa Avasada,apathya,sleeping during the day,no,,Charaka Chikitsa 9 (Unmada); Charaka Sutra 11,"Heavy, cold and stale foods increase Kapha and Tamas in the Manovaha srotas.",,
diabetes,Prameha / Madhumeha,pathya,bitter gourd (Karela),,,Charaka Chikitsa Sthana 6 (Prameha Chikitsa); Ashtanga Hridayam Nidana 10,High-glycaemic / sweet — Apathya in Prameha.,,
diabetes,Prameha / Madhumeha,pathya,fenugreek seeds (Methi),,,Charaka Chikitsa Sthana 6 (Prameha Chikitsa); Ashtanga Hridayam Nidana 10,High-glycaemic / sweet — Apathya in Prameha.,,
diabetes,Prameha / Madhumeha,pathya,barley (Yava),,,Charaka Chikitsa Sthana 6 (Prameha Chikitsa); Ashtanga Hridayam Nidana 10,High-glycaemic / sweet — Apathya in Prameha.,,
diabetes,Prameha / Madhumeha,pathya,moong dal (Mudga),,,Charaka Chikitsa Sthana 6 (Prameha Chikitsa); Ashtanga Hridayam Nidana 10,High-glycaemic / sweet — Apathya in Prameha.,,
diabetes,Prameha / Madhumeha,pathya,amla (Amalaki),,,Charaka Chikitsa Sthana 6 (Prameha Chikitsa); Ashtanga Hridayam Nidana 10,High-glycaemic / sweet — Apathya in Prameha.,,
diabetes,Prameha / Madhumeha,pathya,turmeric (Haridra),,,Charaka Chikitsa Sthana 6 (Prameha Chikitsa); Ashtanga Hridayam Nidana 10,High-glycaemic / sweet — Apathya in Prameha.,,
diabetes,Prameha / Madhumeha,pathya,neem leaves (Nimba),,,Charaka Chikitsa Sthana 6 (Prameha Chikitsa); Ashtanga Hridayam Nidana 10,High-glycaemic / sweet — Apathya in Prameha.,,
diabetes,Prameha / Madhumeha,apathya,sugar,yes,,Charaka Chikitsa Sthana 6 (Prameha Chikitsa); Ashtanga Hridayam Nidana 10,High-glycaemic / sweet — Apathya in Prameha.,,
diabetes,Prameha / Madhumeha,apathya,jaggery in excess,yes,,Charaka Chikitsa Sthana 6 (Prameha Chikitsa); Ashtanga Hridayam Nidana 10,High-glycaemic / sweet — Apathya in Prameha.,,
diabetes,Prameha / Madhumeha,apathya,white rice,yes,,Charaka Chikitsa Sthana 6 (Prameha Chikitsa); Ashtanga Hridayam Nidana 10,High-glycaemic / sweet — Apathya in Prameha.,,
diabetes,Prameha / Madhumeha,apathya,maida/refined flour,yes,,Charaka Chikitsa Sthana 6 (Prameha Chikitsa); Ashtanga Hridayam Nidana 10,High-glycaemic / sweet — Apathya in Prameha.,,
diabetes,Prameha / Madhumeha,apathya,sweet fruits,no,,Charaka Chikitsa Sthana 6 (Prameha Chikitsa); Ashtanga Hridayam Nidana 10,High-glycaemic / sweet — Apathya in Prameha.,,
diabetes,Prameha / Madhumeha,apathya,heavy dairy,no,,Charaka Chikitsa Sthana 6 (Prameha Chikitsa); Ashtanga Hridayam Nidana 10,High-glycaemic / sweet — Apathya in Prameha.,,
diabetes,Prameha / Madhumeha,apathya,cold drinks,yes,,Charaka Chikitsa Sthana 6 (Prameha Chikitsa); Ashtanga Hridayam Nidana 10,High-glycaemic / sweet — Apathya in Prameha.,,
eczema,Vicharchika (Kshudra Kushtha),pathya,bitter vegetables,,,Charaka Chikitsa 7 (Kushtha); Sushruta Nidana 5,"Sour, salty and Viruddha foods provoke Kushtha; milk with fish is the classical pair.",,
eczema,Vicharchika (Kshudra Kushtha),pathya,neem (Nimba),,,Charaka Chikitsa 7 (Kushtha); Sushruta Nidana 5,"Sour, salty and Viruddha foods provoke Kushtha; milk with fish is the classical pair.",,
eczema,Vicharchika (Kshudra Kushtha),pathya,turmeric (Haridra),,,Charaka Chikitsa 7 (Kushtha); Sushruta Nidana 5,"Sour, salty and Viruddha foods provoke Kushtha; milk with fish is the classical pair.",,
eczema,Vicharchika (Kshudra Kushtha),pathya,moong dal,,,Charaka Chikitsa 7 (Kushtha); Sushruta Nidana 5,"Sour, salty and Viruddha foods provoke Kushtha; milk with fish is the classical pair.",,
eczema,Vicharchika (Kshudra Kushtha),pathya,old rice,,,Charaka Chikitsa 7 (Kushtha); Sushruta Nidana 5,"Sour, salty and Viruddha foods provoke Kushtha; milk with fish is the classical pair.",,
eczema,Vicharchika (Kshudra Kushtha),pathya,cow's ghee,,,Charaka Chikitsa 7 (Kushtha); Sushruta Nidana 5,"Sour, salty and Viruddha foods provoke Kushtha; milk with fish is the classical pair.",,
eczema,Vicharchika (Kshudra Kushtha),pathya,pointed gourd (Patola),,,Charaka Chikitsa 7 (Kushtha); Sushruta Nidana 5,"Sour, salty and Viruddha foods provoke Kushtha; milk with fish is the classical pair.",,
eczema,Vicharchika (Kshudra Kushtha),apathya,milk with fish — the classical Viruddha pair,yes,,Charaka Chikitsa 7 (Kushtha); Sushruta Nidana 5,"Sour, salty and Viruddha foods provoke Kushtha; milk with fish is the classical pair.",,
eczema,Vicharchika (Kshudra Kushtha),apathya,curd,yes,,Charaka Chikitsa 7 (Kushtha); Sushruta Nidana 5,"Sour, salty and Viruddha foods provoke Kushtha; milk with fish is the classical pair.",,
eczema,Vicharchika (Kshudra Kushtha),apathya,sour foods,no,,Charaka Chikitsa 7 (Kushtha); Sushruta Nidana 5,"Sour, salty and Viruddha foods provoke Kushtha; milk with fish is the classical pair.",,
eczema,Vicharchika (Kshudra Kushtha),apathya,excess salt,no,,Charaka Chikitsa 7 (Kushtha); Sushruta Nidana 5,"Sour, salty and Viruddha foods provoke Kushtha; milk with fish is the classical pair.",,
eczema,Vicharchika (Kshudra Kushtha),apathya,seafood,no,,Charaka Chikitsa 7 (Kushtha); Sushruta Nidana 5,"Sour, salty and Viruddha foods provoke Kushtha; milk with fish is the classical pair.",,
eczema,Vicharchika (Kshudra Kushtha),apathya,brinjal,yes,,Charaka Chikitsa 7 (Kushtha); Sushruta Nidana 5,"Sour, salty and Viruddha foods provoke Kushtha; milk with fish is the classical pair.",,
eczema,Vicharchika (Kshudra Kushtha),apathya,sour fruits,no,,Charaka Chikitsa 7 (Kushtha); Sushruta Nidana 5,"Sour, salty and Viruddha foods provoke Kushtha; milk with fish is the classical pair.",,
epilepsy,Apasmara,pathya,Brahmi ghrita and other medicated ghee,,,Charaka Chikitsa 10 (Apasmara); Ashtanga Hridayam Uttara 7,"Alcohol, stale and incompatible foods disturb the Manovaha srotas in Apasmara.",,
epilepsy,Apasmara,pathya,cow's milk,,,Charaka Chikitsa 10 (Apasmara); Ashtanga Hridayam Uttara 7,"Alcohol, stale and incompatible foods disturb the Manovaha srotas in Apasmara.",,
epilepsy,Apasmara,pathya,old rice,,,Charaka Chikitsa 10 (Apasmara); Ashtanga Hridayam Uttara 7,"Alcohol, stale and incompatible foods disturb the Manovaha srotas in Apasmara.",,
epilepsy,Apasmara,pathya,moong dal,,,Charaka Chikitsa 10 (Apasmara); Ashtanga Hridayam Uttara 7,"Alcohol, stale and incompatible foods disturb the Manovaha srotas in Apasmara.",,
epilepsy,Apasmara,pathya,light sattvic food,,,Charaka Chikitsa 10 (Apasmara); Ashtanga Hridayam Uttara 7,"Alcohol, stale and incompatible foods disturb the Manovaha srotas in Apasmara.",,
epilepsy,Apasmara,pathya,regular meals,,,Charaka Chikitsa 10 (Apasmara); Ashtanga Hridayam Uttara 7,"Alcohol, stale and incompatible foods disturb the Manovaha srotas in Apasmara.",,
epilepsy,Apasmara,apathya,alcohol,yes,,Charaka Chikitsa 10 (Apasmara); Ashtanga Hridayam Uttara 7,"Alcohol, stale and incompatible foods disturb the Manovaha srotas in Apasmara.",,
epilepsy,Apasmara,apathya,heavy meat,no,,Charaka Chikitsa 10 (Apasmara); Ashtanga Hridayam Uttara 7,"Alcohol, stale and incompatible foods disturb the Manovaha srotas in Apasmara.",,
epilepsy,Apasmara,apathya,stale and fermented food,yes,,Charaka Chikitsa 10 (Apasmara); Ashtanga Hridayam Uttara 7,"Alcohol, stale and incompatible foods disturb the Manovaha srotas in Apasmara.",,
epilepsy,Apasmara,apathya,incompatible combinations (Viruddha Ahara),no,,Charaka Chikitsa 10 (Apasmara); Ashtanga Hridayam Uttara 7,"Alcohol, stale and incompatible foods disturb the Manovaha srotas in Apasmara.",,
epilepsy,Apasmara,apathya,excess pungent food,no,,Charaka Chikitsa 10 (Apasmara); Ashtanga Hridayam Uttara 7,"Alcohol, stale and incompatible foods disturb the Manovaha srotas in Apasmara.",,
epilepsy,Apasmara,apathya,fasting to exhaustion,no,,Charaka Chikitsa 10 (Apasmara); Ashtanga Hridayam Uttara 7,"Alcohol, stale and incompatible foods disturb the Manovaha srotas in Apasmara.",,
fatty_liver,Yakrit Vikara / Yakrit Vriddhi,pathya,turmeric (Haridra),,,Charaka Chikitsa 18 (Kamala Chikitsa); Sushruta Uttara 44,Fried / alcohol / refined sugar burden the liver.,,
fatty_liver,Yakrit Vikara / Yakrit Vriddhi,pathya,amla,,,Charaka Chikitsa 18 (Kamala Chikitsa); Sushruta Uttara 44,Fried / alcohol / refined sugar burden the liver.,,
fatty_liver,Yakrit Vikara / Yakrit Vriddhi,pathya,kutki (Picrorhiza kurroa),,,Charaka Chikitsa 18 (Kamala Chikitsa); Sushruta Uttara 44,Fried / alcohol / refined sugar burden the liver.,,
fatty_liver,Yakrit Vikara / Yakrit Vriddhi,pathya,moong dal,,,Charaka Chikitsa 18 (Kamala Chikitsa); Sushruta Uttara 44,Fried / alcohol / refined sugar burden the liver.,,
fatty_liver,Yakrit Vikara / Yakrit Vriddhi,pathya,leafy greens (cooked),,,Charaka Chikitsa 18 (Kamala Chikitsa); Sushruta Uttara 44,Fried / alcohol / refined sugar burden the liver.,,
fatty_liver,Yakrit Vikara / Yakrit Vriddhi,pathya,bitter gourd,,,Charaka Chikitsa 18 (Kamala Chikitsa); Sushruta Uttara 44,Fried / alcohol / refined sugar burden the liver.,,
fatty_liver,Yakrit Vikara / Yakrit Vriddhi,pathya,garlic,,,Charaka Chikitsa 18 (Kamala Chikitsa); Sushruta Uttara 44,Fried / alcohol / refined sugar burden the liver.,,
fatty_liver,Yakrit Vikara / Yakrit Vriddhi,apathya,alcohol (absolute contraindication),yes,,Charaka Chikitsa 18 (Kamala Chikitsa); Sushruta Uttara 44,Fried / alcohol / refined sugar burden the liver.,,
fatty_liver,Yakrit Vikara / Yakrit Vriddhi,apathya,excess oil and fat,no,,Charaka Chikitsa 18 (Kamala Chikitsa); Sushruta Uttara 44,Fried / alcohol / refined sugar burden the liver.,,
fatty_liver,Yakrit Vikara / Yakrit Vriddhi,apathya,processed foods,yes,,Charaka Chikitsa 18 (Kamala Chikitsa); Sushruta Uttara 44,Fried / alcohol / refined sugar burden the liver.,,
fatty_liver,Yakrit Vikara / Yakrit Vriddhi,apathya,sugar,yes,,Charaka Chikitsa 18 (Kamala Chikitsa); Sushruta Uttara 44,Fried / alcohol / refined sugar burden the liver.,,
fatty_liver,Yakrit Vikara / Yakrit Vriddhi,apathya,red meat,no,,Charaka Chikitsa 18 (Kamala Chikitsa); Sushruta Uttara 44,Fried / alcohol / refined sugar burden the liver.,,
fatty_liver,Yakrit Vikara / Yakrit Vriddhi,apathya,cold foods,no,,Charaka Chikitsa 18 (Kamala Chikitsa); Sushruta Uttara 44,Fried / alcohol / refined sugar burden the liver.,,
fibromyalgia,Mamsagata Vata with Ama,pathya,warm easily digestible food,,,Charaka Chikitsa 28 (Vatavyadhi); Charaka Chikitsa 15 (Ama),"Cold, raw and fermented foods deepen Ama and aggravate Vata in Mamsa dhatu.",,
fibromyalgia,Mamsagata Vata with Ama,pathya,cow's ghee,,,Charaka Chikitsa 28 (Vatavyadhi); Charaka Chikitsa 15 (Ama),"Cold, raw and fermented foods deepen Ama and aggravate Vata in Mamsa dhatu.",,
fibromyalgia,Mamsagata Vata with Ama,pathya,dry ginger,,,Charaka Chikitsa 28 (Vatavyadhi); Charaka Chikitsa 15 (Ama),"Cold, raw and fermented foods deepen Ama and aggravate Vata in Mamsa dhatu.",,
fibromyalgia,Mamsagata Vata with Ama,pathya,turmeric,,,Charaka Chikitsa 28 (Vatavyadhi); Charaka Chikitsa 15 (Ama),"Cold, raw and fermented foods deepen Ama and aggravate Vata in Mamsa dhatu.",,
fibromyalgia,Mamsagata Vata with Ama,pathya,moong soup,,,Charaka Chikitsa 28 (Vatavyadhi); Charaka Chikitsa 15 (Ama),"Cold, raw and fermented foods deepen Ama and aggravate Vata in Mamsa dhatu.",,
fibromyalgia,Mamsagata Vata with Ama,pathya,old rice,,,Charaka Chikitsa 28 (Vatavyadhi); Charaka Chikitsa 15 (Ama),"Cold, raw and fermented foods deepen Ama and aggravate Vata in Mamsa dhatu.",,
fibromyalgia,Mamsagata Vata with Ama,pathya,warm water,,,Charaka Chikitsa 28 (Vatavyadhi); Charaka Chikitsa 15 (Ama),"Cold, raw and fermented foods deepen Ama and aggravate Vata in Mamsa dhatu.",,
fibromyalgia,Mamsagata Vata with Ama,apathya,cold and raw foods,no,,Charaka Chikitsa 28 (Vatavyadhi); Charaka Chikitsa 15 (Ama),"Cold, raw and fermented foods deepen Ama and aggravate Vata in Mamsa dhatu.",,
fibromyalgia,Mamsagata Vata with Ama,apathya,curd,yes,,Charaka Chikitsa 28 (Vatavyadhi); Charaka Chikitsa 15 (Ama),"Cold, raw and fermented foods deepen Ama and aggravate Vata in Mamsa dhatu.",,
fibromyalgia,Mamsagata Vata with Ama,apathya,fermented foods,yes,,Charaka Chikitsa 28 (Vatavyadhi); Charaka Chikitsa 15 (Ama),"Cold, raw and fermented foods deepen Ama and aggravate Vata in Mamsa dhatu.",,
fibromyalgia,Mamsagata Vata with Ama,apathya,strong coffee and black tea,yes,,Charaka Chikitsa 28 (Vatavyadhi); Charaka Chikitsa 15 (Ama),"Cold, raw and fermented foods deepen Ama and aggravate Vata in Mamsa dhatu.",,
fibromyalgia,Mamsagata Vata with Ama,apathya,irregular meal times,no,,Charaka Chikitsa 28 (Vatavyadhi); Charaka Chikitsa 15 (Ama),"Cold, raw and fermented foods deepen Ama and aggravate Vata in Mamsa dhatu.",,
gallstones,Pittashmari / Yakrit Vikara,pathya,barley (Yava),,,Sushruta Nidana 3 (Ashmari); Charaka Chikitsa 26,A high-fat meal contracts the gallbladder; fried and rich foods provoke an attack.,,
gallstones,Pittashmari / Yakrit Vikara,pathya,moong dal,,,Sushruta Nidana 3 (Ashmari); Charaka Chikitsa 26,A high-fat meal contracts the gallbladder; fried and rich foods provoke an attack.,,
gallstones,Pittashmari / Yakrit Vikara,pathya,bitter greens,,,Sushruta Nidana 3 (Ashmari); Charaka Chikitsa 26,A high-fat meal contracts the gallbladder; fried and rich foods provoke an attack.,,
gallstones,Pittashmari / Yakrit Vikara,pathya,turmeric (Haridra),,,Sushruta Nidana 3 (Ashmari); Charaka Chikitsa 26,A high-fat meal contracts the gallbladder; fried and rich foods provoke an attack.,,
gallstones,Pittashmari / Yakrit Vikara,pathya,amla (Amalaki),,,Sushruta Nidana 3 (Ashmari); Charaka Chikitsa 26,A high-fat meal contracts the gallbladder; fried and rich foods provoke an attack.,,
gallstones,Pittashmari / Yakrit Vikara,pathya,warm water,,,Sushruta Nidana 3 (Ashmari); Charaka Chikitsa 26,A high-fat meal contracts the gallbladder; fried and rich foods provoke an attack.,,
gallstones,Pittashmari / Yakrit Vikara,pathya,light early dinner,,,Sushruta Nidana 3 (Ashmari); Charaka Chikitsa 26,A high-fat meal contracts the gallbladder; fried and rich foods provoke an attack.,,
gallstones,Pittashmari / Yakrit Vikara,pathya,pointed gourd (Patola),,,Sushruta Nidana 3 (Ashmari); Charaka Chikitsa 26,A high-fat meal contracts the gallbladder; fried and rich foods provoke an attack.,,
gallstones,Pittashmari / Yakrit Vikara,apathya,deep-fried foods,yes,,Sushruta Nidana 3 (Ashmari); Charaka Chikitsa 26,A high-fat meal contracts the gallbladder; fried and rich foods provoke an attack.,,
gallstones,Pittashmari / Yakrit Vikara,apathya,butter and cream,yes,,Sushruta Nidana 3 (Ashmari); Charaka Chikitsa 26,A high-fat meal contracts the gallbladder; fried and rich foods provoke an attack.,,
gallstones,Pittashmari / Yakrit Vikara,apathya,excess ghee,no,,Sushruta Nidana 3 (Ashmari); Charaka Chikitsa 26,A high-fat meal contracts the gallbladder; fried and rich foods provoke an attack.,,
gallstones,Pittashmari / Yakrit Vikara,apathya,red meat,yes,,Sushruta Nidana 3 (Ashmari); Charaka Chikitsa 26,A high-fat meal contracts the gallbladder; fried and rich foods provoke an attack.,,
gallstones,Pittashmari / Yakrit Vikara,apathya,egg yolk,yes,,Sushruta Nidana 3 (Ashmari); Charaka Chikitsa 26,A high-fat meal contracts the gallbladder; fried and rich foods provoke an attack.,,
gallstones,Pittashmari / Yakrit Vikara,apathya,full-fat cheese and paneer,yes,,Sushruta Nidana 3 (Ashmari); Charaka Chikitsa 26,A high-fat meal contracts the gallbladder; fried and rich foods provoke an attack.,,
gallstones,Pittashmari / Yakrit Vikara,apathya,heavy late-night meals,no,,Sushruta Nidana 3 (Ashmari); Charaka Chikitsa 26,A high-fat meal contracts the gallbladder; fried and rich foods provoke an attack.,,
glaucoma,Adhimantha,pathya,Triphala preparations,,,Sushruta Uttara 6 (Netraroga); Ashtanga Hridayam Uttara 15,"Sodium, caffeine and alcohol raise intraocular pressure; Pitta-provoking food worsens Adhimantha.",,
glaucoma,Adhimantha,pathya,amla (Amalaki),,,Sushruta Uttara 6 (Netraroga); Ashtanga Hridayam Uttara 15,"Sodium, caffeine and alcohol raise intraocular pressure; Pitta-provoking food worsens Adhimantha.",,
glaucoma,Adhimantha,pathya,cow's ghee,,,Sushruta Uttara 6 (Netraroga); Ashtanga Hridayam Uttara 15,"Sodium, caffeine and alcohol raise intraocular pressure; Pitta-provoking food worsens Adhimantha.",,
glaucoma,Adhimantha,pathya,green leafy vegetables,,,Sushruta Uttara 6 (Netraroga); Ashtanga Hridayam Uttara 15,"Sodium, caffeine and alcohol raise intraocular pressure; Pitta-provoking food worsens Adhimantha.",,
glaucoma,Adhimantha,pathya,carrot (Garjara),,,Sushruta Uttara 6 (Netraroga); Ashtanga Hridayam Uttara 15,"Sodium, caffeine and alcohol raise intraocular pressure; Pitta-provoking food worsens Adhimantha.",,
glaucoma,Adhimantha,pathya,cooling sweet foods,,,Sushruta Uttara 6 (Netraroga); Ashtanga Hridayam Uttara 15,"Sodium, caffeine and alcohol raise intraocular pressure; Pitta-provoking food worsens Adhimantha.",,
glaucoma,Adhimantha,apathya,excess salt,no,,Sushruta Uttara 6 (Netraroga); Ashtanga Hridayam Uttara 15,"Sodium, caffeine and alcohol raise intraocular pressure; Pitta-provoking food worsens Adhimantha.",,
glaucoma,Adhimantha,apathya,coffee and strong black tea,yes,,Sushruta Uttara 6 (Netraroga); Ashtanga Hridayam Uttara 15,"Sodium, caffeine and alcohol raise intraocular pressure; Pitta-provoking food worsens Adhimantha.",,
glaucoma,Adhimantha,apathya,alcohol,yes,,Sushruta Uttara 6 (Netraroga); Ashtanga Hridayam Uttara 15,"Sodium, caffeine and alcohol raise intraocular pressure; Pitta-provoking food worsens Adhimantha.",,
glaucoma,Adhimantha,apathya,large volumes of fluid at one time,no,,Sushruta Uttara 6 (Netraroga); Ashtanga Hridayam Uttara 15,"Sodium, caffeine and alcohol raise intraocular pressure; Pitta-provoking food worsens Adhimantha.",,
glaucoma,Adhimantha,apathya,very hot and pungent food,no,,Sushruta Uttara 6 (Netraroga); Ashtanga Hridayam Uttara 15,"Sodium, caffeine and alcohol raise intraocular pressure; Pitta-provoking food worsens Adhimantha.",,
glaucoma,Adhimantha,apathya,suppression of natural urges,no,,Sushruta Uttara 6 (Netraroga); Ashtanga Hridayam Uttara 15,"Sodium, caffeine and alcohol raise intraocular pressure; Pitta-provoking food worsens Adhimantha.",,
gout,Vatarakta,pathya,old rice (Puranashali),,,Charaka Chikitsa 29 (Vatashonita); Ashtanga Hridayam Nidana 16,"Purine-rich, fermented and sour foods aggravate Rakta and Vata in Vatarakta.",,
gout,Vatarakta,pathya,barley (Yava),,,Charaka Chikitsa 29 (Vatashonita); Ashtanga Hridayam Nidana 16,"Purine-rich, fermented and sour foods aggravate Rakta and Vata in Vatarakta.",,
gout,Vatarakta,pathya,moong dal (Mudga),,,Charaka Chikitsa 29 (Vatashonita); Ashtanga Hridayam Nidana 16,"Purine-rich, fermented and sour foods aggravate Rakta and Vata in Vatarakta.",,
gout,Vatarakta,pathya,bitter gourd (Karela),,,Charaka Chikitsa 29 (Vatashonita); Ashtanga Hridayam Nidana 16,"Purine-rich, fermented and sour foods aggravate Rakta and Vata in Vatarakta.",,
gout,Vatarakta,pathya,pointed gourd (Patola),,,Charaka Chikitsa 29 (Vatashonita); Ashtanga Hridayam Nidana 16,"Purine-rich, fermented and sour foods aggravate Rakta and Vata in Vatarakta.",,
gout,Vatarakta,pathya,amla (Amalaki),,,Charaka Chikitsa 29 (Vatashonita); Ashtanga Hridayam Nidana 16,"Purine-rich, fermented and sour foods aggravate Rakta and Vata in Vatarakta.",,
gout,Vatarakta,pathya,cow's ghee,,,Charaka Chikitsa 29 (Vatashonita); Ashtanga Hridayam Nidana 16,"Purine-rich, fermented and sour foods aggravate Rakta and Vata in Vatarakta.",,
gout,Vatarakta,pathya,cow's milk,,,Charaka Chikitsa 29 (Vatashonita); Ashtanga Hridayam Nidana 16,"Purine-rich, fermented and sour foods aggravate Rakta and Vata in Vatarakta.",,
gout,Vatarakta,pathya,plenty of warm water,,,Charaka Chikitsa 29 (Vatashonita); Ashtanga Hridayam Nidana 16,"Purine-rich, fermented and sour foods aggravate Rakta and Vata in Vatarakta.",,
gout,Vatarakta,apathya,red meat,yes,,Charaka Chikitsa 29 (Vatashonita); Ashtanga Hridayam Nidana 16,"Purine-rich, fermented and sour foods aggravate Rakta and Vata in Vatarakta.",,
gout,Vatarakta,apathya,organ meat,yes,,Charaka Chikitsa 29 (Vatashonita); Ashtanga Hridayam Nidana 16,"Purine-rich, fermented and sour foods aggravate Rakta and Vata in Vatarakta.",,
gout,Vatarakta,apathya,shellfish and prawns,yes,,Charaka Chikitsa 29 (Vatashonita); Ashtanga Hridayam Nidana 16,"Purine-rich, fermented and sour foods aggravate Rakta and Vata in Vatarakta.",,
gout,Vatarakta,apathya,alcohol and beer,yes,,Charaka Chikitsa 29 (Vatashonita); Ashtanga Hridayam Nidana 16,"Purine-rich, fermented and sour foods aggravate Rakta and Vata in Vatarakta.",,
gout,Vatarakta,apathya,urad dal (Masha),yes,,Charaka Chikitsa 29 (Vatashonita); Ashtanga Hridayam Nidana 16,"Purine-rich, fermented and sour foods aggravate Rakta and Vata in Vatarakta.",,
gout,Vatarakta,apathya,curd (Dadhi),yes,,Charaka Chikitsa 29 (Vatashonita); Ashtanga Hridayam Nidana 16,"Purine-rich, fermented and sour foods aggravate Rakta and Vata in Vatarakta.",,
gout,Vatarakta,apathya,excess salt,no,,Charaka Chikitsa 29 (Vatashonita); Ashtanga Hridayam Nidana 16,"Purine-rich, fermented and sour foods aggravate Rakta and Vata in Vatarakta.",,
gout,Vatarakta,apathya,fermented and sour foods,no,,Charaka Chikitsa 29 (Vatashonita); Ashtanga Hridayam Nidana 16,"Purine-rich, fermented and sour foods aggravate Rakta and Vata in Vatarakta.",,
heart_disease,Hridroga,pathya,Arjuna bark preparations,,,Charaka Chikitsa 26 (Trimarmiya — Hridroga); Sushruta Uttara 43,"Sodium, saturated fat and alcohol burden the Hridaya and the Rasavaha srotas.",,
heart_disease,Hridroga,pathya,garlic (Lasuna),,,Charaka Chikitsa 26 (Trimarmiya — Hridroga); Sushruta Uttara 43,"Sodium, saturated fat and alcohol burden the Hridaya and the Rasavaha srotas.",,
heart_disease,Hridroga,pathya,amla (Amalaki),,,Charaka Chikitsa 26 (Trimarmiya — Hridroga); Sushruta Uttara 43,"Sodium, saturated fat and alcohol burden the Hridaya and the Rasavaha srotas.",,
heart_disease,Hridroga,pathya,pomegranate (Dadima),,,Charaka Chikitsa 26 (Trimarmiya — Hridroga); Sushruta Uttara 43,"Sodium, saturated fat and alcohol burden the Hridaya and the Rasavaha srotas.",,
heart_disease,Hridroga,pathya,barley (Yava),,,Charaka Chikitsa 26 (Trimarmiya — Hridroga); Sushruta Uttara 43,"Sodium, saturated fat and alcohol burden the Hridaya and the Rasavaha srotas.",,
heart_disease,Hridroga,pathya,oats,,,Charaka Chikitsa 26 (Trimarmiya — Hridroga); Sushruta Uttara 43,"Sodium, saturated fat and alcohol burden the Hridaya and the Rasavaha srotas.",,
heart_disease,Hridroga,pathya,moong dal,,,Charaka Chikitsa 26 (Trimarmiya — Hridroga); Sushruta Uttara 43,"Sodium, saturated fat and alcohol burden the Hridaya and the Rasavaha srotas.",,
heart_disease,Hridroga,pathya,flax seeds (Atasi),,,Charaka Chikitsa 26 (Trimarmiya — Hridroga); Sushruta Uttara 43,"Sodium, saturated fat and alcohol burden the Hridaya and the Rasavaha srotas.",,
heart_disease,Hridroga,apathya,excess salt,no,,Charaka Chikitsa 26 (Trimarmiya — Hridroga); Sushruta Uttara 43,"Sodium, saturated fat and alcohol burden the Hridaya and the Rasavaha srotas.",,
heart_disease,Hridroga,apathya,deep-fried foods,yes,,Charaka Chikitsa 26 (Trimarmiya — Hridroga); Sushruta Uttara 43,"Sodium, saturated fat and alcohol burden the Hridaya and the Rasavaha srotas.",,
heart_disease,Hridroga,apathya,red meat,yes,,Charaka Chikitsa 26 (Trimarmiya — Hridroga); Sushruta Uttara 43,"Sodium, saturated fat and alcohol burden the Hridaya and the Rasavaha srotas.",,
heart_disease,Hridroga,apathya,"butter, cream and cheese",yes,,Charaka Chikitsa 26 (Trimarmiya — Hridroga); Sushruta Uttara 43,"Sodium, saturated fat and alcohol burden the Hridaya and the Rasavaha srotas.",,
heart_disease,Hridroga,apathya,alcohol,yes,,Charaka Chikitsa 26 (Trimarmiya — Hridroga); Sushruta Uttara 43,"Sodium, saturated fat and alcohol burden the Hridaya and the Rasavaha srotas.",,
heart_disease,Hridroga,apathya,very heavy meals,no,,Charaka Chikitsa 26 (Trimarmiya — Hridroga); Sushruta Uttara 43,"Sodium, saturated fat and alcohol burden the Hridaya and the Rasavaha srotas.",,
heart_disease,Hridroga,apathya,sleeping immediately after eating,no,,Charaka Chikitsa 26 (Trimarmiya — Hridroga); Sushruta Uttara 43,"Sodium, saturated fat and alcohol burden the Hridaya and the Rasavaha srotas.",,
high_cholesterol,Medoroga / Rasa-Meda Dushti,pathya,garlic (Lasuna),,,Charaka Sutrasthana 21 (Ashtauninditiya); Ashtanga Hridayam Sutrasthana 14 (Medoroga),Fatty / fried / refined foods increase Meda-Rasa Dushti.,,
high_cholesterol,Medoroga / Rasa-Meda Dushti,pathya,amla,,,Charaka Sutrasthana 21 (Ashtauninditiya); Ashtanga Hridayam Sutrasthana 14 (Medoroga),Fatty / fried / refined foods increase Meda-Rasa Dushti.,,
high_cholesterol,Medoroga / Rasa-Meda Dushti,pathya,guggulu-supported foods,,,Charaka Sutrasthana 21 (Ashtauninditiya); Ashtanga Hridayam Sutrasthana 14 (Medoroga),Fatty / fried / refined foods increase Meda-Rasa Dushti.,,
high_cholesterol,Medoroga / Rasa-Meda Dushti,pathya,barley (Yava),,,Charaka Sutrasthana 21 (Ashtauninditiya); Ashtanga Hridayam Sutrasthana 14 (Medoroga),Fatty / fried / refined foods increase Meda-Rasa Dushti.,,
high_cholesterol,Medoroga / Rasa-Meda Dushti,pathya,moong dal,,,Charaka Sutrasthana 21 (Ashtauninditiya); Ashtanga Hridayam Sutrasthana 14 (Medoroga),Fatty / fried / refined foods increase Meda-Rasa Dushti.,,
high_cholesterol,Medoroga / Rasa-Meda Dushti,pathya,fenugreek (Methi),,,Charaka Sutrasthana 21 (Ashtauninditiya); Ashtanga Hridayam Sutrasthana 14 (Medoroga),Fatty / fried / refined foods increase Meda-Rasa Dushti.,,
high_cholesterol,Medoroga / Rasa-Meda Dushti,pathya,cooked leafy greens,,,Charaka Sutrasthana 21 (Ashtauninditiya); Ashtanga Hridayam Sutrasthana 14 (Medoroga),Fatty / fried / refined foods increase Meda-Rasa Dushti.,,
high_cholesterol,Medoroga / Rasa-Meda Dushti,pathya,flaxseeds,,,Charaka Sutrasthana 21 (Ashtauninditiya); Ashtanga Hridayam Sutrasthana 14 (Medoroga),Fatty / fried / refined foods increase Meda-Rasa Dushti.,,
high_cholesterol,Medoroga / Rasa-Meda Dushti,apathya,fried foods,yes,,Charaka Sutrasthana 21 (Ashtauninditiya); Ashtanga Hridayam Sutrasthana 14 (Medoroga),Fatty / fried / refined foods increase Meda-Rasa Dushti.,,
high_cholesterol,Medoroga / Rasa-Meda Dushti,apathya,vanaspati / dalda,yes,,Charaka Sutrasthana 21 (Ashtauninditiya); Ashtanga Hridayam Sutrasthana 14 (Medoroga),Fatty / fried / refined foods increase Meda-Rasa Dushti.,,
high_cholesterol,Medoroga / Rasa-Meda Dushti,apathya,excess ghee and butter,yes,,Charaka Sutrasthana 21 (Ashtauninditiya); Ashtanga Hridayam Sutrasthana 14 (Medoroga),Fatty / fried / refined foods increase Meda-Rasa Dushti.,,
high_cholesterol,Medoroga / Rasa-Meda Dushti,apathya,red meat,yes,,Charaka Sutrasthana 21 (Ashtauninditiya); Ashtanga Hridayam Sutrasthana 14 (Medoroga),Fatty / fried / refined foods increase Meda-Rasa Dushti.,,
high_cholesterol,Medoroga / Rasa-Meda Dushti,apathya,cheese,yes,,Charaka Sutrasthana 21 (Ashtauninditiya); Ashtanga Hridayam Sutrasthana 14 (Medoroga),Fatty / fried / refined foods increase Meda-Rasa Dushti.,,
high_cholesterol,Medoroga / Rasa-Meda Dushti,apathya,refined sugar,yes,,Charaka Sutrasthana 21 (Ashtauninditiya); Ashtanga Hridayam Sutrasthana 14 (Medoroga),Fatty / fried / refined foods increase Meda-Rasa Dushti.,,
high_cholesterol,Medoroga / Rasa-Meda Dushti,apathya,cold heavy foods,no,,Charaka Sutrasthana 21 (Ashtauninditiya); Ashtanga Hridayam Sutrasthana 14 (Medoroga),Fatty / fried / refined foods increase Meda-Rasa Dushti.,,
hypertension,Rakta Gata Vata / Uchcha Rakta Chapa,pathya,garlic (Lasuna),,,Charaka Chikitsa 28 (Vatavyadhi); Ashtanga Hridayam Chikitsa 20,High-sodium / heating — raises Rakta Chapa.,,
hypertension,Rakta Gata Vata / Uchcha Rakta Chapa,pathya,amla,,,Charaka Chikitsa 28 (Vatavyadhi); Ashtanga Hridayam Chikitsa 20,High-sodium / heating — raises Rakta Chapa.,,
hypertension,Rakta Gata Vata / Uchcha Rakta Chapa,pathya,pomegranate (Dadima),,,Charaka Chikitsa 28 (Vatavyadhi); Ashtanga Hridayam Chikitsa 20,High-sodium / heating — raises Rakta Chapa.,,
hypertension,Rakta Gata Vata / Uchcha Rakta Chapa,pathya,cucumber,,,Charaka Chikitsa 28 (Vatavyadhi); Ashtanga Hridayam Chikitsa 20,High-sodium / heating — raises Rakta Chapa.,,
hypertension,Rakta Gata Vata / Uchcha Rakta Chapa,pathya,banana (Kadali),,,Charaka Chikitsa 28 (Vatavyadhi); Ashtanga Hridayam Chikitsa 20,High-sodium / heating — raises Rakta Chapa.,,
hypertension,Rakta Gata Vata / Uchcha Rakta Chapa,pathya,celery,,,Charaka Chikitsa 28 (Vatavyadhi); Ashtanga Hridayam Chikitsa 20,High-sodium / heating — raises Rakta Chapa.,,
hypertension,Rakta Gata Vata / Uchcha Rakta Chapa,pathya,moong dal,,,Charaka Chikitsa 28 (Vatavyadhi); Ashtanga Hridayam Chikitsa 20,High-sodium / heating — raises Rakta Chapa.,,
hypertension,Rakta Gata Vata / Uchcha Rakta Chapa,pathya,barley,,,Charaka Chikitsa 28 (Vatavyadhi); Ashtanga Hridayam Chikitsa 20,High-sodium / heating — raises Rakta Chapa.,,
hypertension,Rakta Gata Vata / Uchcha Rakta Chapa,apathya,excess salt,no,,Charaka Chikitsa 28 (Vatavyadhi); Ashtanga Hridayam Chikitsa 20,High-sodium / heating — raises Rakta Chapa.,,
hypertension,Rakta Gata Vata / Uchcha Rakta Chapa,apathya,pickles,yes,,Charaka Chikitsa 28 (Vatavyadhi); Ashtanga Hridayam Chikitsa 20,High-sodium / heating — raises Rakta Chapa.,,
hypertension,Rakta Gata Vata / Uchcha Rakta Chapa,apathya,processed foods,yes,,Charaka Chikitsa 28 (Vatavyadhi); Ashtanga Hridayam Chikitsa 20,High-sodium / heating — raises Rakta Chapa.,,
hypertension,Rakta Gata Vata / Uchcha Rakta Chapa,apathya,red meat,yes,,Charaka Chikitsa 28 (Vatavyadhi); Ashtanga Hridayam Chikitsa 20,High-sodium / heating — raises Rakta Chapa.,,
hypertension,Rakta Gata Vata / Uchcha Rakta Chapa,apathya,alcohol,yes,,Charaka Chikitsa 28 (Vatavyadhi); Ashtanga Hridayam Chikitsa 20,High-sodium / heating — raises Rakta Chapa.,,
hypertension,Rakta Gata Vata / Uchcha Rakta Chapa,apathya,excess chilli,no,,Charaka Chikitsa 28 (Vatavyadhi); Ashtanga Hridayam Chikitsa 20,High-sodium / heating — raises Rakta Chapa.,,
hypertension,Rakta Gata Vata / Uchcha Rakta Chapa,apathya,heavy fried foods,no,,Charaka Chikitsa 28 (Vatavyadhi); Ashtanga Hridayam Chikitsa 20,High-sodium / heating — raises Rakta Chapa.,,
hyperthyroidism,Atyagni / Bhasmaka with Galaganda,pathya,cow's milk,,,Charaka Nidana 11 (Galaganda); Charaka Chikitsa 15 (Bhasmaka),Stimulants and concentrated iodine drive an already excessive Agni. Note this is the mirror of hypothyroidism: the goitrogenic brassicas restricted there are Pathya here.,,
hyperthyroidism,Atyagni / Bhasmaka with Galaganda,pathya,cow's ghee,,,Charaka Nidana 11 (Galaganda); Charaka Chikitsa 15 (Bhasmaka),Stimulants and concentrated iodine drive an already excessive Agni. Note this is the mirror of hypothyroidism: the goitrogenic brassicas restricted there are Pathya here.,,
hyperthyroidism,Atyagni / Bhasmaka with Galaganda,pathya,sweet ripe fruits,,,Charaka Nidana 11 (Galaganda); Charaka Chikitsa 15 (Bhasmaka),Stimulants and concentrated iodine drive an already excessive Agni. Note this is the mirror of hypothyroidism: the goitrogenic brassicas restricted there are Pathya here.,,
hyperthyroidism,Atyagni / Bhasmaka with Galaganda,pathya,fresh coconut,,,Charaka Nidana 11 (Galaganda); Charaka Chikitsa 15 (Bhasmaka),Stimulants and concentrated iodine drive an already excessive Agni. Note this is the mirror of hypothyroidism: the goitrogenic brassicas restricted there are Pathya here.,,
hyperthyroidism,Atyagni / Bhasmaka with Galaganda,pathya,almonds (Badama),,,Charaka Nidana 11 (Galaganda); Charaka Chikitsa 15 (Bhasmaka),Stimulants and concentrated iodine drive an already excessive Agni. Note this is the mirror of hypothyroidism: the goitrogenic brassicas restricted there are Pathya here.,,
hyperthyroidism,Atyagni / Bhasmaka with Galaganda,pathya,oats,,,Charaka Nidana 11 (Galaganda); Charaka Chikitsa 15 (Bhasmaka),Stimulants and concentrated iodine drive an already excessive Agni. Note this is the mirror of hypothyroidism: the goitrogenic brassicas restricted there are Pathya here.,,
hyperthyroidism,Atyagni / Bhasmaka with Galaganda,pathya,"cabbage, cauliflower and broccoli",,,Charaka Nidana 11 (Galaganda); Charaka Chikitsa 15 (Bhasmaka),Stimulants and concentrated iodine drive an already excessive Agni. Note this is the mirror of hypothyroidism: the goitrogenic brassicas restricted there are Pathya here.,,
hyperthyroidism,Atyagni / Bhasmaka with Galaganda,pathya,rice and other grounding grains,,,Charaka Nidana 11 (Galaganda); Charaka Chikitsa 15 (Bhasmaka),Stimulants and concentrated iodine drive an already excessive Agni. Note this is the mirror of hypothyroidism: the goitrogenic brassicas restricted there are Pathya here.,,
hyperthyroidism,Atyagni / Bhasmaka with Galaganda,apathya,strong coffee and black tea,yes,,Charaka Nidana 11 (Galaganda); Charaka Chikitsa 15 (Bhasmaka),Stimulants and concentrated iodine drive an already excessive Agni. Note this is the mirror of hypothyroidism: the goitrogenic brassicas restricted there are Pathya here.,,
hyperthyroidism,Atyagni / Bhasmaka with Galaganda,apathya,chilli and excess pungent spices,yes,,Charaka Nidana 11 (Galaganda); Charaka Chikitsa 15 (Bhasmaka),Stimulants and concentrated iodine drive an already excessive Agni. Note this is the mirror of hypothyroidism: the goitrogenic brassicas restricted there are Pathya here.,,
hyperthyroidism,Atyagni / Bhasmaka with Galaganda,apathya,alcohol,yes,,Charaka Nidana 11 (Galaganda); Charaka Chikitsa 15 (Bhasmaka),Stimulants and concentrated iodine drive an already excessive Agni. Note this is the mirror of hypothyroidism: the goitrogenic brassicas restricted there are Pathya here.,,
hyperthyroidism,Atyagni / Bhasmaka with Galaganda,apathya,seaweed and other concentrated iodine sources,yes,,Charaka Nidana 11 (Galaganda); Charaka Chikitsa 15 (Bhasmaka),Stimulants and concentrated iodine drive an already excessive Agni. Note this is the mirror of hypothyroidism: the goitrogenic brassicas restricted there are Pathya here.,,
hyperthyroidism,Atyagni / Bhasmaka with Galaganda,apathya,skipping meals,no,,Charaka Nidana 11 (Galaganda); Charaka Chikitsa 15 (Bhasmaka),Stimulants and concentrated iodine drive an already excessive Agni. Note this is the mirror of hypothyroidism: the goitrogenic brassicas restricted there are Pathya here.,,
hyperthyroidism,Atyagni / Bhasmaka with Galaganda,apathya,excess bitter and astringent foods,no,,Charaka Nidana 11 (Galaganda); Charaka Chikitsa 15 (Bhasmaka),Stimulants and concentrated iodine drive an already excessive Agni. Note this is the mirror of hypothyroidism: the goitrogenic brassicas restricted there are Pathya here.,,
hypothyroid,Galaganda / Kapha-Vata Vyadhi,pathya,coconut oil,,,Charaka Nidana 11 (Galaganda); Sushruta Nidana 11,Goitrogenic raw crucifers / soy — Apathya in Galaganda.,,
hypothyroid,Galaganda / Kapha-Vata Vyadhi,pathya,pumpkin seeds,,,Charaka Nidana 11 (Galaganda); Sushruta Nidana 11,Goitrogenic raw crucifers / soy — Apathya in Galaganda.,,
hypothyroid,Galaganda / Kapha-Vata Vyadhi,pathya,ginger (Shunthi),,,Charaka Nidana 11 (Galaganda); Sushruta Nidana 11,Goitrogenic raw crucifers / soy — Apathya in Galaganda.,,
hypothyroid,Galaganda / Kapha-Vata Vyadhi,pathya,black pepper (Maricha),,,Charaka Nidana 11 (Galaganda); Sushruta Nidana 11,Goitrogenic raw crucifers / soy — Apathya in Galaganda.,,
hypothyroid,Galaganda / Kapha-Vata Vyadhi,pathya,guggul-supported foods,,,Charaka Nidana 11 (Galaganda); Sushruta Nidana 11,Goitrogenic raw crucifers / soy — Apathya in Galaganda.,,
hypothyroid,Galaganda / Kapha-Vata Vyadhi,pathya,iodine-rich seaweeds (if available),,,Charaka Nidana 11 (Galaganda); Sushruta Nidana 11,Goitrogenic raw crucifers / soy — Apathya in Galaganda.,,
hypothyroid,Galaganda / Kapha-Vata Vyadhi,apathya,"raw crucifers (cabbage, broccoli, cauliflower, kale)",no,,Charaka Nidana 11 (Galaganda); Sushruta Nidana 11,Goitrogenic raw crucifers / soy — Apathya in Galaganda.,,
hypothyroid,Galaganda / Kapha-Vata Vyadhi,apathya,soy in excess,no,,Charaka Nidana 11 (Galaganda); Sushruta Nidana 11,Goitrogenic raw crucifers / soy — Apathya in Galaganda.,,
hypothyroid,Galaganda / Kapha-Vata Vyadhi,apathya,gluten (if sensitive),no,,Charaka Nidana 11 (Galaganda); Sushruta Nidana 11,Goitrogenic raw crucifers / soy — Apathya in Galaganda.,,
hypothyroid,Galaganda / Kapha-Vata Vyadhi,apathya,refined sugar,no,,Charaka Nidana 11 (Galaganda); Sushruta Nidana 11,Goitrogenic raw crucifers / soy — Apathya in Galaganda.,,
ibs,Grahani / Atisara,pathya,bael fruit (Bilwa),,,Charaka Chikitsa 15 (Grahani Chikitsa); Ashtanga Hridayam Nidana 8,Heavy / gas-forming — aggravate Grahani.,,
ibs,Grahani / Atisara,pathya,pomegranate (Dadima),,,Charaka Chikitsa 15 (Grahani Chikitsa); Ashtanga Hridayam Nidana 8,Heavy / gas-forming — aggravate Grahani.,,
ibs,Grahani / Atisara,pathya,Peya (thin rice gruel),,,Charaka Chikitsa 15 (Grahani Chikitsa); Ashtanga Hridayam Nidana 8,Heavy / gas-forming — aggravate Grahani.,,
ibs,Grahani / Atisara,pathya,Yavagu (thick gruel),,,Charaka Chikitsa 15 (Grahani Chikitsa); Ashtanga Hridayam Nidana 8,Heavy / gas-forming — aggravate Grahani.,,
ibs,Grahani / Atisara,pathya,ginger tea,,,Charaka Chikitsa 15 (Grahani Chikitsa); Ashtanga Hridayam Nidana 8,Heavy / gas-forming — aggravate Grahani.,,
ibs,Grahani / Atisara,pathya,moong dal soup (thin),,,Charaka Chikitsa 15 (Grahani Chikitsa); Ashtanga Hridayam Nidana 8,Heavy / gas-forming — aggravate Grahani.,,
ibs,Grahani / Atisara,pathya,buttermilk (Takra) with ginger and rock salt,,,Charaka Chikitsa 15 (Grahani Chikitsa); Ashtanga Hridayam Nidana 8,Heavy / gas-forming — aggravate Grahani.,,
ibs,Grahani / Atisara,pathya,cumin water (Jeeraka Jala),,,Charaka Chikitsa 15 (Grahani Chikitsa); Ashtanga Hridayam Nidana 8,Heavy / gas-forming — aggravate Grahani.,,
ibs,Grahani / Atisara,apathya,raw vegetables,no,,Charaka Chikitsa 15 (Grahani Chikitsa); Ashtanga Hridayam Nidana 8,Heavy / gas-forming — aggravate Grahani.,,
ibs,Grahani / Atisara,apathya,"gas-forming foods (cabbage, broccoli, beans)",yes,,Charaka Chikitsa 15 (Grahani Chikitsa); Ashtanga Hridayam Nidana 8,Heavy / gas-forming — aggravate Grahani.,,
ibs,Grahani / Atisara,apathya,"sour foods (curd, sour fruits)",no,,Charaka Chikitsa 15 (Grahani Chikitsa); Ashtanga Hridayam Nidana 8,Heavy / gas-forming — aggravate Grahani.,,
ibs,Grahani / Atisara,apathya,heavy dairy,no,,Charaka Chikitsa 15 (Grahani Chikitsa); Ashtanga Hridayam Nidana 8,Heavy / gas-forming — aggravate Grahani.,,
ibs,Grahani / Atisara,apathya,cold milk,no,,Charaka Chikitsa 15 (Grahani Chikitsa); Ashtanga Hridayam Nidana 8,Heavy / gas-forming — aggravate Grahani.,,
ibs,Grahani / Atisara,apathya,cold water,no,,Charaka Chikitsa 15 (Grahani Chikitsa); Ashtanga Hridayam Nidana 8,Heavy / gas-forming — aggravate Grahani.,,
ibs,Grahani / Atisara,apathya,fried foods,no,,Charaka Chikitsa 15 (Grahani Chikitsa); Ashtanga Hridayam Nidana 8,Heavy / gas-forming — aggravate Grahani.,,
ibs,Grahani / Atisara,apathya,incompatible food combinations (Viruddha Ahara),no,,Charaka Chikitsa 15 (Grahani Chikitsa); Ashtanga Hridayam Nidana 8,Heavy / gas-forming — aggravate Grahani.,,
ibs,Grahani / Atisara,apathya,eating before the previous meal is digested,no,,Charaka Chikitsa 15 (Grahani Chikitsa); Ashtanga Hridayam Nidana 8,Heavy / gas-forming — aggravate Grahani.,,
kidney_disease,Mutraghata / Mutrakrichra / Vrikkavikara,pathya,old rice (Puranashali),,,Charaka Chikitsa 26 (Mutraghata); Sushruta Nidana 3,High potassium/phosphorus — restrict in renal disease.,,
kidney_disease,Mutraghata / Mutrakrichra / Vrikkavikara,pathya,moong dal (very well cooked),,,Charaka Chikitsa 26 (Mutraghata); Sushruta Nidana 3,High potassium/phosphorus — restrict in renal disease.,,
kidney_disease,Mutraghata / Mutrakrichra / Vrikkavikara,pathya,barley water (Yava Jala),,,Charaka Chikitsa 26 (Mutraghata); Sushruta Nidana 3,High potassium/phosphorus — restrict in renal disease.,,
kidney_disease,Mutraghata / Mutrakrichra / Vrikkavikara,pathya,apple,,,Charaka Chikitsa 26 (Mutraghata); Sushruta Nidana 3,High potassium/phosphorus — restrict in renal disease.,,
kidney_disease,Mutraghata / Mutrakrichra / Vrikkavikara,pathya,cooked cabbage (low potassium),,,Charaka Chikitsa 26 (Mutraghata); Sushruta Nidana 3,High potassium/phosphorus — restrict in renal disease.,,
kidney_disease,Mutraghata / Mutrakrichra / Vrikkavikara,apathya,banana (high potassium),yes,,Charaka Chikitsa 26 (Mutraghata); Sushruta Nidana 3,High potassium/phosphorus — restrict in renal disease.,,
kidney_disease,Mutraghata / Mutrakrichra / Vrikkavikara,apathya,tomato,yes,,Charaka Chikitsa 26 (Mutraghata); Sushruta Nidana 3,High potassium/phosphorus — restrict in renal disease.,,
kidney_disease,Mutraghata / Mutrakrichra / Vrikkavikara,apathya,spinach in large amounts,no,,Charaka Chikitsa 26 (Mutraghata); Sushruta Nidana 3,High potassium/phosphorus — restrict in renal disease.,,
kidney_disease,Mutraghata / Mutrakrichra / Vrikkavikara,apathya,excess protein,no,,Charaka Chikitsa 26 (Mutraghata); Sushruta Nidana 3,High potassium/phosphorus — restrict in renal disease.,,
kidney_disease,Mutraghata / Mutrakrichra / Vrikkavikara,apathya,excess salt,no,,Charaka Chikitsa 26 (Mutraghata); Sushruta Nidana 3,High potassium/phosphorus — restrict in renal disease.,,
kidney_disease,Mutraghata / Mutrakrichra / Vrikkavikara,apathya,pickle,no,,Charaka Chikitsa 26 (Mutraghata); Sushruta Nidana 3,High potassium/phosphorus — restrict in renal disease.,,
kidney_disease,Mutraghata / Mutrakrichra / Vrikkavikara,apathya,sour fruits,no,,Charaka Chikitsa 26 (Mutraghata); Sushruta Nidana 3,High potassium/phosphorus — restrict in renal disease.,,
kidney_stones,Mutrashmari,pathya,horse gram (Kulattha) — the classical Ashmari dravya,,,Sushruta Nidana 3 (Ashmari); Charaka Chikitsa 26 (Trimarmiya),High-oxalate and high-sodium foods feed stone formation in Mutrashmari.,,
kidney_stones,Mutrashmari,pathya,barley (Yava),,,Sushruta Nidana 3 (Ashmari); Charaka Chikitsa 26 (Trimarmiya),High-oxalate and high-sodium foods feed stone formation in Mutrashmari.,,
kidney_stones,Mutrashmari,pathya,plenty of water throughout the day,,,Sushruta Nidana 3 (Ashmari); Charaka Chikitsa 26 (Trimarmiya),High-oxalate and high-sodium foods feed stone formation in Mutrashmari.,,
kidney_stones,Mutrashmari,pathya,tender coconut water,,,Sushruta Nidana 3 (Ashmari); Charaka Chikitsa 26 (Trimarmiya),High-oxalate and high-sodium foods feed stone formation in Mutrashmari.,,
kidney_stones,Mutrashmari,pathya,banana stem (Kadali Kanda),,,Sushruta Nidana 3 (Ashmari); Charaka Chikitsa 26 (Trimarmiya),High-oxalate and high-sodium foods feed stone formation in Mutrashmari.,,
kidney_stones,Mutrashmari,pathya,pomegranate (Dadima),,,Sushruta Nidana 3 (Ashmari); Charaka Chikitsa 26 (Trimarmiya),High-oxalate and high-sodium foods feed stone formation in Mutrashmari.,,
kidney_stones,Mutrashmari,pathya,Gokshura and Punarnava preparations,,,Sushruta Nidana 3 (Ashmari); Charaka Chikitsa 26 (Trimarmiya),High-oxalate and high-sodium foods feed stone formation in Mutrashmari.,,
kidney_stones,Mutrashmari,pathya,cucumber (Trapusha),,,Sushruta Nidana 3 (Ashmari); Charaka Chikitsa 26 (Trimarmiya),High-oxalate and high-sodium foods feed stone formation in Mutrashmari.,,
kidney_stones,Mutrashmari,apathya,spinach and other high-oxalate greens,yes,,Sushruta Nidana 3 (Ashmari); Charaka Chikitsa 26 (Trimarmiya),High-oxalate and high-sodium foods feed stone formation in Mutrashmari.,,
kidney_stones,Mutrashmari,apathya,tomato seeds,no,,Sushruta Nidana 3 (Ashmari); Charaka Chikitsa 26 (Trimarmiya),High-oxalate and high-sodium foods feed stone formation in Mutrashmari.,,
kidney_stones,Mutrashmari,apathya,excess salt,no,,Sushruta Nidana 3 (Ashmari); Charaka Chikitsa 26 (Trimarmiya),High-oxalate and high-sodium foods feed stone formation in Mutrashmari.,,
kidney_stones,Mutrashmari,apathya,red meat,yes,,Sushruta Nidana 3 (Ashmari); Charaka Chikitsa 26 (Trimarmiya),High-oxalate and high-sodium foods feed stone formation in Mutrashmari.,,
kidney_stones,Mutrashmari,apathya,beetroot,yes,,Sushruta Nidana 3 (Ashmari); Charaka Chikitsa 26 (Trimarmiya),High-oxalate and high-sodium foods feed stone formation in Mutrashmari.,,
kidney_stones,Mutrashmari,apathya,chocolate and cocoa,yes,,Sushruta Nidana 3 (Ashmari); Charaka Chikitsa 26 (Trimarmiya),High-oxalate and high-sodium foods feed stone formation in Mutrashmari.,,
kidney_stones,Mutrashmari,apathya,strong black tea,yes,,Sushruta Nidana 3 (Ashmari); Charaka Chikitsa 26 (Trimarmiya),High-oxalate and high-sodium foods feed stone formation in Mutrashmari.,,
kidney_stones,Mutrashmari,apathya,excess nuts,no,,Sushruta Nidana 3 (Ashmari); Charaka Chikitsa 26 (Trimarmiya),High-oxalate and high-sodium foods feed stone formation in Mutrashmari.,,
long_covid,Post-viral Dhatu Kshaya with residual Ama (closest classical parallel: Jirna Jwara),pathya,warm easily digestible food,,yes,Extrapolated from Charaka Chikitsa 3 (Jwara — Jirna Jwara and Jwaramukti); no classical Nidana describes this entity directly,"Heavy, cold and fermented foods deepen residual Ama while Agni is still weak.",,
long_covid,Post-viral Dhatu Kshaya with residual Ama (closest classical parallel: Jirna Jwara),pathya,moong soup,,yes,Extrapolated from Charaka Chikitsa 3 (Jwara — Jirna Jwara and Jwaramukti); no classical Nidana describes this entity directly,"Heavy, cold and fermented foods deepen residual Ama while Agni is still weak.",,
long_covid,Post-viral Dhatu Kshaya with residual Ama (closest classical parallel: Jirna Jwara),pathya,rice gruel (Peya),,yes,Extrapolated from Charaka Chikitsa 3 (Jwara — Jirna Jwara and Jwaramukti); no classical Nidana describes this entity directly,"Heavy, cold and fermented foods deepen residual Ama while Agni is still weak.",,
long_covid,Post-viral Dhatu Kshaya with residual Ama (closest classical parallel: Jirna Jwara),pathya,dry ginger (Shunthi),,yes,Extrapolated from Charaka Chikitsa 3 (Jwara — Jirna Jwara and Jwaramukti); no classical Nidana describes this entity directly,"Heavy, cold and fermented foods deepen residual Ama while Agni is still weak.",,
long_covid,Post-viral Dhatu Kshaya with residual Ama (closest classical parallel: Jirna Jwara),pathya,tulsi,,yes,Extrapolated from Charaka Chikitsa 3 (Jwara — Jirna Jwara and Jwaramukti); no classical Nidana describes this entity directly,"Heavy, cold and fermented foods deepen residual Ama while Agni is still weak.",,
long_covid,Post-viral Dhatu Kshaya with residual Ama (closest classical parallel: Jirna Jwara),pathya,amla (Amalaki),,yes,Extrapolated from Charaka Chikitsa 3 (Jwara — Jirna Jwara and Jwaramukti); no classical Nidana describes this entity directly,"Heavy, cold and fermented foods deepen residual Ama while Agni is still weak.",,
long_covid,Post-viral Dhatu Kshaya with residual Ama (closest classical parallel: Jirna Jwara),pathya,adequate protein once Agni returns,,yes,Extrapolated from Charaka Chikitsa 3 (Jwara — Jirna Jwara and Jwaramukti); no classical Nidana describes this entity directly,"Heavy, cold and fermented foods deepen residual Ama while Agni is still weak.",,
long_covid,Post-viral Dhatu Kshaya with residual Ama (closest classical parallel: Jirna Jwara),pathya,Rasayana once Ama has cleared,,yes,Extrapolated from Charaka Chikitsa 3 (Jwara — Jirna Jwara and Jwaramukti); no classical Nidana describes this entity directly,"Heavy, cold and fermented foods deepen residual Ama while Agni is still weak.",,
long_covid,Post-viral Dhatu Kshaya with residual Ama (closest classical parallel: Jirna Jwara),apathya,heavy and deep-fried foods,yes,yes,Extrapolated from Charaka Chikitsa 3 (Jwara — Jirna Jwara and Jwaramukti); no classical Nidana describes this entity directly,"Heavy, cold and fermented foods deepen residual Ama while Agni is still weak.",,
long_covid,Post-viral Dhatu Kshaya with residual Ama (closest classical parallel: Jirna Jwara),apathya,cold and refrigerated food,yes,yes,Extrapolated from Charaka Chikitsa 3 (Jwara — Jirna Jwara and Jwaramukti); no classical Nidana describes this entity directly,"Heavy, cold and fermented foods deepen residual Ama while Agni is still weak.",,
long_covid,Post-viral Dhatu Kshaya with residual Ama (closest classical parallel: Jirna Jwara),apathya,fermented foods,yes,yes,Extrapolated from Charaka Chikitsa 3 (Jwara — Jirna Jwara and Jwaramukti); no classical Nidana describes this entity directly,"Heavy, cold and fermented foods deepen residual Ama while Agni is still weak.",,
long_covid,Post-viral Dhatu Kshaya with residual Ama (closest classical parallel: Jirna Jwara),apathya,Rasayana given before Ama has cleared,no,yes,Extrapolated from Charaka Chikitsa 3 (Jwara — Jirna Jwara and Jwaramukti); no classical Nidana describes this entity directly,"Heavy, cold and fermented foods deepen residual Ama while Agni is still weak.",,
long_covid,Post-viral Dhatu Kshaya with residual Ama (closest classical parallel: Jirna Jwara),apathya,sleeping during the day,no,yes,Extrapolated from Charaka Chikitsa 3 (Jwara — Jirna Jwara and Jwaramukti); no classical Nidana describes this entity directly,"Heavy, cold and fermented foods deepen residual Ama while Agni is still weak.",,
long_covid,Post-viral Dhatu Kshaya with residual Ama (closest classical parallel: Jirna Jwara),apathya,exertion beyond capacity,no,yes,Extrapolated from Charaka Chikitsa 3 (Jwara — Jirna Jwara and Jwaramukti); no classical Nidana describes this entity directly,"Heavy, cold and fermented foods deepen residual Ama while Agni is still weak.",,
low_blood_pressure,Nyuna Rakta Chapa (no direct classical counterpart; treated as Ojas and Bala Kshaya),pathya,"adequate salt — unlike hypertension, this is not restricted",,yes,Extrapolated from Charaka Sutra 21 (Ojas) and Charaka Sutra 11; no classical Nidana describes this entity directly,"Alcohol and prolonged fasting lower pressure further. Salt is deliberately absent from these terms: restricting it here would be the opposite of the advice, and it is the one condition in this table where that is true.",,
low_blood_pressure,Nyuna Rakta Chapa (no direct classical counterpart; treated as Ojas and Bala Kshaya),pathya,soaked raisins (Draksha),,yes,Extrapolated from Charaka Sutra 21 (Ojas) and Charaka Sutra 11; no classical Nidana describes this entity directly,"Alcohol and prolonged fasting lower pressure further. Salt is deliberately absent from these terms: restricting it here would be the opposite of the advice, and it is the one condition in this table where that is true.",,
low_blood_pressure,Nyuna Rakta Chapa (no direct classical counterpart; treated as Ojas and Bala Kshaya),pathya,dates (Kharjura),,yes,Extrapolated from Charaka Sutra 21 (Ojas) and Charaka Sutra 11; no classical Nidana describes this entity directly,"Alcohol and prolonged fasting lower pressure further. Salt is deliberately absent from these terms: restricting it here would be the opposite of the advice, and it is the one condition in this table where that is true.",,
low_blood_pressure,Nyuna Rakta Chapa (no direct classical counterpart; treated as Ojas and Bala Kshaya),pathya,cow's milk,,yes,Extrapolated from Charaka Sutra 21 (Ojas) and Charaka Sutra 11; no classical Nidana describes this entity directly,"Alcohol and prolonged fasting lower pressure further. Salt is deliberately absent from these terms: restricting it here would be the opposite of the advice, and it is the one condition in this table where that is true.",,
low_blood_pressure,Nyuna Rakta Chapa (no direct classical counterpart; treated as Ojas and Bala Kshaya),pathya,cow's ghee,,yes,Extrapolated from Charaka Sutra 21 (Ojas) and Charaka Sutra 11; no classical Nidana describes this entity directly,"Alcohol and prolonged fasting lower pressure further. Salt is deliberately absent from these terms: restricting it here would be the opposite of the advice, and it is the one condition in this table where that is true.",,
low_blood_pressure,Nyuna Rakta Chapa (no direct classical counterpart; treated as Ojas and Bala Kshaya),pathya,Ashwagandha and Yashtimadhu preparations,,yes,Extrapolated from Charaka Sutra 21 (Ojas) and Charaka Sutra 11; no classical Nidana describes this entity directly,"Alcohol and prolonged fasting lower pressure further. Salt is deliberately absent from these terms: restricting it here would be the opposite of the advice, and it is the one condition in this table where that is true.",,
low_blood_pressure,Nyuna Rakta Chapa (no direct classical counterpart; treated as Ojas and Bala Kshaya),pathya,small frequent meals,,yes,Extrapolated from Charaka Sutra 21 (Ojas) and Charaka Sutra 11; no classical Nidana describes this entity directly,"Alcohol and prolonged fasting lower pressure further. Salt is deliberately absent from these terms: restricting it here would be the opposite of the advice, and it is the one condition in this table where that is true.",,
low_blood_pressure,Nyuna Rakta Chapa (no direct classical counterpart; treated as Ojas and Bala Kshaya),pathya,adequate fluids,,yes,Extrapolated from Charaka Sutra 21 (Ojas) and Charaka Sutra 11; no classical Nidana describes this entity directly,"Alcohol and prolonged fasting lower pressure further. Salt is deliberately absent from these terms: restricting it here would be the opposite of the advice, and it is the one condition in this table where that is true.",,
low_blood_pressure,Nyuna Rakta Chapa (no direct classical counterpart; treated as Ojas and Bala Kshaya),apathya,fasting and skipping meals,no,yes,Extrapolated from Charaka Sutra 21 (Ojas) and Charaka Sutra 11; no classical Nidana describes this entity directly,"Alcohol and prolonged fasting lower pressure further. Salt is deliberately absent from these terms: restricting it here would be the opposite of the advice, and it is the one condition in this table where that is true.",,
low_blood_pressure,Nyuna Rakta Chapa (no direct classical counterpart; treated as Ojas and Bala Kshaya),apathya,alcohol,yes,yes,Extrapolated from Charaka Sutra 21 (Ojas) and Charaka Sutra 11; no classical Nidana describes this entity directly,"Alcohol and prolonged fasting lower pressure further. Salt is deliberately absent from these terms: restricting it here would be the opposite of the advice, and it is the one condition in this table where that is true.",,
low_blood_pressure,Nyuna Rakta Chapa (no direct classical counterpart; treated as Ojas and Bala Kshaya),apathya,excess bitter and astringent foods,no,yes,Extrapolated from Charaka Sutra 21 (Ojas) and Charaka Sutra 11; no classical Nidana describes this entity directly,"Alcohol and prolonged fasting lower pressure further. Salt is deliberately absent from these terms: restricting it here would be the opposite of the advice, and it is the one condition in this table where that is true.",,
low_blood_pressure,Nyuna Rakta Chapa (no direct classical counterpart; treated as Ojas and Bala Kshaya),apathya,dehydration,no,yes,Extrapolated from Charaka Sutra 21 (Ojas) and Charaka Sutra 11; no classical Nidana describes this entity directly,"Alcohol and prolonged fasting lower pressure further. Salt is deliberately absent from these terms: restricting it here would be the opposite of the advice, and it is the one condition in this table where that is true.",,
low_blood_pressure,Nyuna Rakta Chapa (no direct classical counterpart; treated as Ojas and Bala Kshaya),apathya,standing up abruptly after eating,no,yes,Extrapolated from Charaka Sutra 21 (Ojas) and Charaka Sutra 11; no classical Nidana describes this entity directly,"Alcohol and prolonged fasting lower pressure further. Salt is deliberately absent from these terms: restricting it here would be the opposite of the advice, and it is the one condition in this table where that is true.",,
migraine,Ardhavabhedaka / Suryavarta,pathya,coriander seeds water,,,Charaka Sutra 20; Ashtanga Hridayam Uttara 23,"Aged, fermented and sour foods are the classical and modern triggers.",,
migraine,Ardhavabhedaka / Suryavarta,pathya,amla,,,Charaka Sutra 20; Ashtanga Hridayam Uttara 23,"Aged, fermented and sour foods are the classical and modern triggers.",,
migraine,Ardhavabhedaka / Suryavarta,pathya,pomegranate,,,Charaka Sutra 20; Ashtanga Hridayam Uttara 23,"Aged, fermented and sour foods are the classical and modern triggers.",,
migraine,Ardhavabhedaka / Suryavarta,pathya,moong dal,,,Charaka Sutra 20; Ashtanga Hridayam Uttara 23,"Aged, fermented and sour foods are the classical and modern triggers.",,
migraine,Ardhavabhedaka / Suryavarta,pathya,cucumber,,,Charaka Sutra 20; Ashtanga Hridayam Uttara 23,"Aged, fermented and sour foods are the classical and modern triggers.",,
migraine,Ardhavabhedaka / Suryavarta,pathya,cooling foods for Pitta type,,,Charaka Sutra 20; Ashtanga Hridayam Uttara 23,"Aged, fermented and sour foods are the classical and modern triggers.",,
migraine,Ardhavabhedaka / Suryavarta,apathya,"excess sour, salty, pungent foods",no,,Charaka Sutra 20; Ashtanga Hridayam Uttara 23,"Aged, fermented and sour foods are the classical and modern triggers.",,
migraine,Ardhavabhedaka / Suryavarta,apathya,red wine/alcohol,yes,,Charaka Sutra 20; Ashtanga Hridayam Uttara 23,"Aged, fermented and sour foods are the classical and modern triggers.",,
migraine,Ardhavabhedaka / Suryavarta,apathya,aged cheese,yes,,Charaka Sutra 20; Ashtanga Hridayam Uttara 23,"Aged, fermented and sour foods are the classical and modern triggers.",,
migraine,Ardhavabhedaka / Suryavarta,apathya,chocolate,yes,,Charaka Sutra 20; Ashtanga Hridayam Uttara 23,"Aged, fermented and sour foods are the classical and modern triggers.",,
migraine,Ardhavabhedaka / Suryavarta,apathya,onion in excess,no,,Charaka Sutra 20; Ashtanga Hridayam Uttara 23,"Aged, fermented and sour foods are the classical and modern triggers.",,
migraine,Ardhavabhedaka / Suryavarta,apathya,skipping meals,no,,Charaka Sutra 20; Ashtanga Hridayam Uttara 23,"Aged, fermented and sour foods are the classical and modern triggers.",,
obesity,Sthoulya,pathya,barley (Yava),,,Charaka Sutra 21 (Sthoulya Nidana); Charaka Chikitsa 15,Kapha-Meda increasing — reduce in Sthaulya.,,
obesity,Sthoulya,pathya,old rice (Puranashali),,,Charaka Sutra 21 (Sthoulya Nidana); Charaka Chikitsa 15,Kapha-Meda increasing — reduce in Sthaulya.,,
obesity,Sthoulya,pathya,moong dal (Mudga),,,Charaka Sutra 21 (Sthoulya Nidana); Charaka Chikitsa 15,Kapha-Meda increasing — reduce in Sthaulya.,,
obesity,Sthoulya,pathya,honey (Madhu),,,Charaka Sutra 21 (Sthoulya Nidana); Charaka Chikitsa 15,Kapha-Meda increasing — reduce in Sthaulya.,,
obesity,Sthoulya,pathya,bitter gourd,,,Charaka Sutra 21 (Sthoulya Nidana); Charaka Chikitsa 15,Kapha-Meda increasing — reduce in Sthaulya.,,
obesity,Sthoulya,pathya,drumstick (Shigru),,,Charaka Sutra 21 (Sthoulya Nidana); Charaka Chikitsa 15,Kapha-Meda increasing — reduce in Sthaulya.,,
obesity,Sthoulya,pathya,horse gram (Kulatha),,,Charaka Sutra 21 (Sthoulya Nidana); Charaka Chikitsa 15,Kapha-Meda increasing — reduce in Sthaulya.,,
obesity,Sthoulya,apathya,new rice,no,,Charaka Sutra 21 (Sthoulya Nidana); Charaka Chikitsa 15,Kapha-Meda increasing — reduce in Sthaulya.,,
obesity,Sthoulya,apathya,heavy wheat,no,,Charaka Sutra 21 (Sthoulya Nidana); Charaka Chikitsa 15,Kapha-Meda increasing — reduce in Sthaulya.,,
obesity,Sthoulya,apathya,sugar,yes,,Charaka Sutra 21 (Sthoulya Nidana); Charaka Chikitsa 15,Kapha-Meda increasing — reduce in Sthaulya.,,
obesity,Sthoulya,apathya,excess dairy,no,,Charaka Sutra 21 (Sthoulya Nidana); Charaka Chikitsa 15,Kapha-Meda increasing — reduce in Sthaulya.,,
obesity,Sthoulya,apathya,sweets,yes,,Charaka Sutra 21 (Sthoulya Nidana); Charaka Chikitsa 15,Kapha-Meda increasing — reduce in Sthaulya.,,
obesity,Sthoulya,apathya,cold foods,no,,Charaka Sutra 21 (Sthoulya Nidana); Charaka Chikitsa 15,Kapha-Meda increasing — reduce in Sthaulya.,,
obesity,Sthoulya,apathya,sleeping after meals,no,,Charaka Sutra 21 (Sthoulya Nidana); Charaka Chikitsa 15,Kapha-Meda increasing — reduce in Sthaulya.,,
osteoarthritis,Sandhigata Vata,pathya,cow's ghee,,,Charaka Chikitsa 28 (Vatavyadhi); Ashtanga Hridayam Nidana 15,"Cold, dry and fermented foods increase Vata in the Sandhi.",,
osteoarthritis,Sandhigata Vata,pathya,sesame oil (Tila Taila),,,Charaka Chikitsa 28 (Vatavyadhi); Ashtanga Hridayam Nidana 15,"Cold, dry and fermented foods increase Vata in the Sandhi.",,
osteoarthritis,Sandhigata Vata,pathya,garlic (Lasuna),,,Charaka Chikitsa 28 (Vatavyadhi); Ashtanga Hridayam Nidana 15,"Cold, dry and fermented foods increase Vata in the Sandhi.",,
osteoarthritis,Sandhigata Vata,pathya,ginger (Ardraka),,,Charaka Chikitsa 28 (Vatavyadhi); Ashtanga Hridayam Nidana 15,"Cold, dry and fermented foods increase Vata in the Sandhi.",,
osteoarthritis,Sandhigata Vata,pathya,turmeric (Haridra),,,Charaka Chikitsa 28 (Vatavyadhi); Ashtanga Hridayam Nidana 15,"Cold, dry and fermented foods increase Vata in the Sandhi.",,
osteoarthritis,Sandhigata Vata,pathya,warm cooked moong,,,Charaka Chikitsa 28 (Vatavyadhi); Ashtanga Hridayam Nidana 15,"Cold, dry and fermented foods increase Vata in the Sandhi.",,
osteoarthritis,Sandhigata Vata,pathya,old rice,,,Charaka Chikitsa 28 (Vatavyadhi); Ashtanga Hridayam Nidana 15,"Cold, dry and fermented foods increase Vata in the Sandhi.",,
osteoarthritis,Sandhigata Vata,pathya,warm milk,,,Charaka Chikitsa 28 (Vatavyadhi); Ashtanga Hridayam Nidana 15,"Cold, dry and fermented foods increase Vata in the Sandhi.",,
osteoarthritis,Sandhigata Vata,apathya,cold and refrigerated foods,yes,,Charaka Chikitsa 28 (Vatavyadhi); Ashtanga Hridayam Nidana 15,"Cold, dry and fermented foods increase Vata in the Sandhi.",,
osteoarthritis,Sandhigata Vata,apathya,dry and raw foods,no,,Charaka Chikitsa 28 (Vatavyadhi); Ashtanga Hridayam Nidana 15,"Cold, dry and fermented foods increase Vata in the Sandhi.",,
osteoarthritis,Sandhigata Vata,apathya,curd (Dadhi),yes,,Charaka Chikitsa 28 (Vatavyadhi); Ashtanga Hridayam Nidana 15,"Cold, dry and fermented foods increase Vata in the Sandhi.",,
osteoarthritis,Sandhigata Vata,apathya,fermented foods,no,,Charaka Chikitsa 28 (Vatavyadhi); Ashtanga Hridayam Nidana 15,"Cold, dry and fermented foods increase Vata in the Sandhi.",,
osteoarthritis,Sandhigata Vata,apathya,rajma and chana in excess,yes,,Charaka Chikitsa 28 (Vatavyadhi); Ashtanga Hridayam Nidana 15,"Cold, dry and fermented foods increase Vata in the Sandhi.",,
osteoarthritis,Sandhigata Vata,apathya,carbonated drinks,no,,Charaka Chikitsa 28 (Vatavyadhi); Ashtanga Hridayam Nidana 15,"Cold, dry and fermented foods increase Vata in the Sandhi.",,
pcos,Artava Dushti / Pushpa Dushti,pathya,flaxseeds (Atasi),,,Charaka Chikitsa 30 (Yonivyapad); Astanga Samgraha,Refined carbs worsen insulin resistance.,,
pcos,Artava Dushti / Pushpa Dushti,pathya,fenugreek (Methi),,,Charaka Chikitsa 30 (Yonivyapad); Astanga Samgraha,Refined carbs worsen insulin resistance.,,
pcos,Artava Dushti / Pushpa Dushti,pathya,spearmint (Pudina),,,Charaka Chikitsa 30 (Yonivyapad); Astanga Samgraha,Refined carbs worsen insulin resistance.,,
pcos,Artava Dushti / Pushpa Dushti,pathya,amla,,,Charaka Chikitsa 30 (Yonivyapad); Astanga Samgraha,Refined carbs worsen insulin resistance.,,
pcos,Artava Dushti / Pushpa Dushti,pathya,sesame seeds,,,Charaka Chikitsa 30 (Yonivyapad); Astanga Samgraha,Refined carbs worsen insulin resistance.,,
pcos,Artava Dushti / Pushpa Dushti,pathya,moong dal,,,Charaka Chikitsa 30 (Yonivyapad); Astanga Samgraha,Refined carbs worsen insulin resistance.,,
pcos,Artava Dushti / Pushpa Dushti,pathya,millet (Shyamaka),,,Charaka Chikitsa 30 (Yonivyapad); Astanga Samgraha,Refined carbs worsen insulin resistance.,,
pcos,Artava Dushti / Pushpa Dushti,apathya,sugar,yes,,Charaka Chikitsa 30 (Yonivyapad); Astanga Samgraha,Refined carbs worsen insulin resistance.,,
pcos,Artava Dushti / Pushpa Dushti,apathya,refined carbs,no,,Charaka Chikitsa 30 (Yonivyapad); Astanga Samgraha,Refined carbs worsen insulin resistance.,,
pcos,Artava Dushti / Pushpa Dushti,apathya,heavy dairy,no,,Charaka Chikitsa 30 (Yonivyapad); Astanga Samgraha,Refined carbs worsen insulin resistance.,,
pcos,Artava Dushti / Pushpa Dushti,apathya,red meat,no,,Charaka Chikitsa 30 (Yonivyapad); Astanga Samgraha,Refined carbs worsen insulin resistance.,,
pcos,Artava Dushti / Pushpa Dushti,apathya,soy in excess,no,,Charaka Chikitsa 30 (Yonivyapad); Astanga Samgraha,Refined carbs worsen insulin resistance.,,
pcos,Artava Dushti / Pushpa Dushti,apathya,cold foods,no,,Charaka Chikitsa 30 (Yonivyapad); Astanga Samgraha,Refined carbs worsen insulin resistance.,,
psoriasis,Kitibha Kushtha / Mandal Kushtha,pathya,neem (Nimba) preparations,,,Charaka Chikitsa 7 (Kushtha Chikitsa); Ashtanga Hridayam Chikitsa 19,Viruddha Ahara is the stated Nidana of Kushtha; sour aggravates Rakta.,,
psoriasis,Kitibha Kushtha / Mandal Kushtha,pathya,turmeric,,,Charaka Chikitsa 7 (Kushtha Chikitsa); Ashtanga Hridayam Chikitsa 19,Viruddha Ahara is the stated Nidana of Kushtha; sour aggravates Rakta.,,
psoriasis,Kitibha Kushtha / Mandal Kushtha,pathya,bitter gourd,,,Charaka Chikitsa 7 (Kushtha Chikitsa); Ashtanga Hridayam Chikitsa 19,Viruddha Ahara is the stated Nidana of Kushtha; sour aggravates Rakta.,,
psoriasis,Kitibha Kushtha / Mandal Kushtha,pathya,amla,,,Charaka Chikitsa 7 (Kushtha Chikitsa); Ashtanga Hridayam Chikitsa 19,Viruddha Ahara is the stated Nidana of Kushtha; sour aggravates Rakta.,,
psoriasis,Kitibha Kushtha / Mandal Kushtha,pathya,moong dal,,,Charaka Chikitsa 7 (Kushtha Chikitsa); Ashtanga Hridayam Chikitsa 19,Viruddha Ahara is the stated Nidana of Kushtha; sour aggravates Rakta.,,
psoriasis,Kitibha Kushtha / Mandal Kushtha,pathya,old rice,,,Charaka Chikitsa 7 (Kushtha Chikitsa); Ashtanga Hridayam Chikitsa 19,Viruddha Ahara is the stated Nidana of Kushtha; sour aggravates Rakta.,,
psoriasis,Kitibha Kushtha / Mandal Kushtha,pathya,cucumber,,,Charaka Chikitsa 7 (Kushtha Chikitsa); Ashtanga Hridayam Chikitsa 19,Viruddha Ahara is the stated Nidana of Kushtha; sour aggravates Rakta.,,
psoriasis,Kitibha Kushtha / Mandal Kushtha,apathya,fish and milk together,yes,,Charaka Chikitsa 7 (Kushtha Chikitsa); Ashtanga Hridayam Chikitsa 19,Viruddha Ahara is the stated Nidana of Kushtha; sour aggravates Rakta.,,
psoriasis,Kitibha Kushtha / Mandal Kushtha,apathya,sour foods,yes,,Charaka Chikitsa 7 (Kushtha Chikitsa); Ashtanga Hridayam Chikitsa 19,Viruddha Ahara is the stated Nidana of Kushtha; sour aggravates Rakta.,,
psoriasis,Kitibha Kushtha / Mandal Kushtha,apathya,sesame + milk,no,,Charaka Chikitsa 7 (Kushtha Chikitsa); Ashtanga Hridayam Chikitsa 19,Viruddha Ahara is the stated Nidana of Kushtha; sour aggravates Rakta.,,
psoriasis,Kitibha Kushtha / Mandal Kushtha,apathya,meat + milk,no,,Charaka Chikitsa 7 (Kushtha Chikitsa); Ashtanga Hridayam Chikitsa 19,Viruddha Ahara is the stated Nidana of Kushtha; sour aggravates Rakta.,,
psoriasis,Kitibha Kushtha / Mandal Kushtha,apathya,salt + milk,no,,Charaka Chikitsa 7 (Kushtha Chikitsa); Ashtanga Hridayam Chikitsa 19,Viruddha Ahara is the stated Nidana of Kushtha; sour aggravates Rakta.,,
psoriasis,Kitibha Kushtha / Mandal Kushtha,apathya,incompatible combinations,no,,Charaka Chikitsa 7 (Kushtha Chikitsa); Ashtanga Hridayam Chikitsa 19,Viruddha Ahara is the stated Nidana of Kushtha; sour aggravates Rakta.,,
recurrent_uti,Mutrakrichra,pathya,plenty of water,,,Charaka Chikitsa 26 (Mutrakrichra); Sushruta Uttara 59,"Pungent, sour and fermented foods aggravate Pitta in the Mutravaha srotas.",,
recurrent_uti,Mutrakrichra,pathya,tender coconut water,,,Charaka Chikitsa 26 (Mutrakrichra); Sushruta Uttara 59,"Pungent, sour and fermented foods aggravate Pitta in the Mutravaha srotas.",,
recurrent_uti,Mutrakrichra,pathya,barley water (Yava),,,Charaka Chikitsa 26 (Mutrakrichra); Sushruta Uttara 59,"Pungent, sour and fermented foods aggravate Pitta in the Mutravaha srotas.",,
recurrent_uti,Mutrakrichra,pathya,Gokshura and Punarnava preparations,,,Charaka Chikitsa 26 (Mutrakrichra); Sushruta Uttara 59,"Pungent, sour and fermented foods aggravate Pitta in the Mutravaha srotas.",,
recurrent_uti,Mutrakrichra,pathya,cucumber (Trapusha),,,Charaka Chikitsa 26 (Mutrakrichra); Sushruta Uttara 59,"Pungent, sour and fermented foods aggravate Pitta in the Mutravaha srotas.",,
recurrent_uti,Mutrakrichra,pathya,coriander seed water,,,Charaka Chikitsa 26 (Mutrakrichra); Sushruta Uttara 59,"Pungent, sour and fermented foods aggravate Pitta in the Mutravaha srotas.",,
recurrent_uti,Mutrakrichra,pathya,amla (Amalaki),,,Charaka Chikitsa 26 (Mutrakrichra); Sushruta Uttara 59,"Pungent, sour and fermented foods aggravate Pitta in the Mutravaha srotas.",,
recurrent_uti,Mutrakrichra,apathya,chilli and excess pungent spices,yes,,Charaka Chikitsa 26 (Mutrakrichra); Sushruta Uttara 59,"Pungent, sour and fermented foods aggravate Pitta in the Mutravaha srotas.",,
recurrent_uti,Mutrakrichra,apathya,alcohol,yes,,Charaka Chikitsa 26 (Mutrakrichra); Sushruta Uttara 59,"Pungent, sour and fermented foods aggravate Pitta in the Mutravaha srotas.",,
recurrent_uti,Mutrakrichra,apathya,coffee,yes,,Charaka Chikitsa 26 (Mutrakrichra); Sushruta Uttara 59,"Pungent, sour and fermented foods aggravate Pitta in the Mutravaha srotas.",,
recurrent_uti,Mutrakrichra,apathya,pickles and fermented food,yes,,Charaka Chikitsa 26 (Mutrakrichra); Sushruta Uttara 59,"Pungent, sour and fermented foods aggravate Pitta in the Mutravaha srotas.",,
recurrent_uti,Mutrakrichra,apathya,sour foods,no,,Charaka Chikitsa 26 (Mutrakrichra); Sushruta Uttara 59,"Pungent, sour and fermented foods aggravate Pitta in the Mutravaha srotas.",,
recurrent_uti,Mutrakrichra,apathya,holding the urge to urinate,no,,Charaka Chikitsa 26 (Mutrakrichra); Sushruta Uttara 59,"Pungent, sour and fermented foods aggravate Pitta in the Mutravaha srotas.",,
sciatica,Gridhrasi,pathya,cow's ghee,,,Charaka Chikitsa 28 (Vatavyadhi — Gridhrasi); Sushruta Nidana 1,"Cold, dry and Vata-increasing foods aggravate Gridhrasi.",,
sciatica,Gridhrasi,pathya,sesame oil,,,Charaka Chikitsa 28 (Vatavyadhi — Gridhrasi); Sushruta Nidana 1,"Cold, dry and Vata-increasing foods aggravate Gridhrasi.",,
sciatica,Gridhrasi,pathya,castor oil (Eranda Taila) — the classical Gridhrasi dravya,,,Charaka Chikitsa 28 (Vatavyadhi — Gridhrasi); Sushruta Nidana 1,"Cold, dry and Vata-increasing foods aggravate Gridhrasi.",,
sciatica,Gridhrasi,pathya,garlic,,,Charaka Chikitsa 28 (Vatavyadhi — Gridhrasi); Sushruta Nidana 1,"Cold, dry and Vata-increasing foods aggravate Gridhrasi.",,
sciatica,Gridhrasi,pathya,dry ginger (Shunthi),,,Charaka Chikitsa 28 (Vatavyadhi — Gridhrasi); Sushruta Nidana 1,"Cold, dry and Vata-increasing foods aggravate Gridhrasi.",,
sciatica,Gridhrasi,pathya,moong dal,,,Charaka Chikitsa 28 (Vatavyadhi — Gridhrasi); Sushruta Nidana 1,"Cold, dry and Vata-increasing foods aggravate Gridhrasi.",,
sciatica,Gridhrasi,pathya,old rice,,,Charaka Chikitsa 28 (Vatavyadhi — Gridhrasi); Sushruta Nidana 1,"Cold, dry and Vata-increasing foods aggravate Gridhrasi.",,
sciatica,Gridhrasi,pathya,warm unctuous food,,,Charaka Chikitsa 28 (Vatavyadhi — Gridhrasi); Sushruta Nidana 1,"Cold, dry and Vata-increasing foods aggravate Gridhrasi.",,
sciatica,Gridhrasi,apathya,cold and refrigerated foods,yes,,Charaka Chikitsa 28 (Vatavyadhi — Gridhrasi); Sushruta Nidana 1,"Cold, dry and Vata-increasing foods aggravate Gridhrasi.",,
sciatica,Gridhrasi,apathya,dry and raw foods,no,,Charaka Chikitsa 28 (Vatavyadhi — Gridhrasi); Sushruta Nidana 1,"Cold, dry and Vata-increasing foods aggravate Gridhrasi.",,
sciatica,Gridhrasi,apathya,curd,yes,,Charaka Chikitsa 28 (Vatavyadhi — Gridhrasi); Sushruta Nidana 1,"Cold, dry and Vata-increasing foods aggravate Gridhrasi.",,
sciatica,Gridhrasi,apathya,fermented foods,no,,Charaka Chikitsa 28 (Vatavyadhi — Gridhrasi); Sushruta Nidana 1,"Cold, dry and Vata-increasing foods aggravate Gridhrasi.",,
sciatica,Gridhrasi,apathya,heavy legumes,no,,Charaka Chikitsa 28 (Vatavyadhi — Gridhrasi); Sushruta Nidana 1,"Cold, dry and Vata-increasing foods aggravate Gridhrasi.",,
sciatica,Gridhrasi,apathya,carbonated drinks,no,,Charaka Chikitsa 28 (Vatavyadhi — Gridhrasi); Sushruta Nidana 1,"Cold, dry and Vata-increasing foods aggravate Gridhrasi.",,
sinusitis,Dushta Pratishyaya / Peenasa,pathya,warm water through the day,,,Ashtanga Hridayam Uttara 24 (Nasaroga); Charaka Chikitsa 26,Cold and Kapha-increasing foods thicken and retain Kapha in the Nasa srotas.,,
sinusitis,Dushta Pratishyaya / Peenasa,pathya,dry ginger (Shunthi),,,Ashtanga Hridayam Uttara 24 (Nasaroga); Charaka Chikitsa 26,Cold and Kapha-increasing foods thicken and retain Kapha in the Nasa srotas.,,
sinusitis,Dushta Pratishyaya / Peenasa,pathya,tulsi,,,Ashtanga Hridayam Uttara 24 (Nasaroga); Charaka Chikitsa 26,Cold and Kapha-increasing foods thicken and retain Kapha in the Nasa srotas.,,
sinusitis,Dushta Pratishyaya / Peenasa,pathya,black pepper (Maricha),,,Ashtanga Hridayam Uttara 24 (Nasaroga); Charaka Chikitsa 26,Cold and Kapha-increasing foods thicken and retain Kapha in the Nasa srotas.,,
sinusitis,Dushta Pratishyaya / Peenasa,pathya,turmeric,,,Ashtanga Hridayam Uttara 24 (Nasaroga); Charaka Chikitsa 26,Cold and Kapha-increasing foods thicken and retain Kapha in the Nasa srotas.,,
sinusitis,Dushta Pratishyaya / Peenasa,pathya,honey,,,Ashtanga Hridayam Uttara 24 (Nasaroga); Charaka Chikitsa 26,Cold and Kapha-increasing foods thicken and retain Kapha in the Nasa srotas.,,
sinusitis,Dushta Pratishyaya / Peenasa,pathya,light warm khichdi,,,Ashtanga Hridayam Uttara 24 (Nasaroga); Charaka Chikitsa 26,Cold and Kapha-increasing foods thicken and retain Kapha in the Nasa srotas.,,
sinusitis,Dushta Pratishyaya / Peenasa,apathya,curd (Dadhi),yes,,Ashtanga Hridayam Uttara 24 (Nasaroga); Charaka Chikitsa 26,Cold and Kapha-increasing foods thicken and retain Kapha in the Nasa srotas.,,
sinusitis,Dushta Pratishyaya / Peenasa,apathya,banana,yes,,Ashtanga Hridayam Uttara 24 (Nasaroga); Charaka Chikitsa 26,Cold and Kapha-increasing foods thicken and retain Kapha in the Nasa srotas.,,
sinusitis,Dushta Pratishyaya / Peenasa,apathya,cold drinks,yes,,Ashtanga Hridayam Uttara 24 (Nasaroga); Charaka Chikitsa 26,Cold and Kapha-increasing foods thicken and retain Kapha in the Nasa srotas.,,
sinusitis,Dushta Pratishyaya / Peenasa,apathya,ice cream,yes,,Ashtanga Hridayam Uttara 24 (Nasaroga); Charaka Chikitsa 26,Cold and Kapha-increasing foods thicken and retain Kapha in the Nasa srotas.,,
sinusitis,Dushta Pratishyaya / Peenasa,apathya,heavy dairy,no,,Ashtanga Hridayam Uttara 24 (Nasaroga); Charaka Chikitsa 26,Cold and Kapha-increasing foods thicken and retain Kapha in the Nasa srotas.,,
sinusitis,Dushta Pratishyaya / Peenasa,apathya,refrigerated food,yes,,Ashtanga Hridayam Uttara 24 (Nasaroga); Charaka Chikitsa 26,Cold and Kapha-increasing foods thicken and retain Kapha in the Nasa srotas.,,
sinusitis,Dushta Pratishyaya / Peenasa,apathya,sleeping during the day,no,,Ashtanga Hridayam Uttara 24 (Nasaroga); Charaka Chikitsa 26,Cold and Kapha-increasing foods thicken and retain Kapha in the Nasa srotas.,,
thyroid,Galaganda,pathya,ginger,,,Charaka Nidana 11; Sushruta Nidana 11,Goitrogenic raw crucifers / soy.,,
thyroid,Galaganda,pathya,black pepper,,,Charaka Nidana 11; Sushruta Nidana 11,Goitrogenic raw crucifers / soy.,,
thyroid,Galaganda,pathya,coconut oil,,,Charaka Nidana 11; Sushruta Nidana 11,Goitrogenic raw crucifers / soy.,,
thyroid,Galaganda,pathya,pumpkin seeds,,,Charaka Nidana 11; Sushruta Nidana 11,Goitrogenic raw crucifers / soy.,,
thyroid,Galaganda,pathya,tulsi,,,Charaka Nidana 11; Sushruta Nidana 11,Goitrogenic raw crucifers / soy.,,
thyroid,Galaganda,pathya,selenium-rich foods,,,Charaka Nidana 11; Sushruta Nidana 11,Goitrogenic raw crucifers / soy.,,
thyroid,Galaganda,apathya,raw crucifers,no,,Charaka Nidana 11; Sushruta Nidana 11,Goitrogenic raw crucifers / soy.,,
thyroid,Galaganda,apathya,soy,yes,,Charaka Nidana 11; Sushruta Nidana 11,Goitrogenic raw crucifers / soy.,,
thyroid,Galaganda,apathya,refined sugar,no,,Charaka Nidana 11; Sushruta Nidana 11,Goitrogenic raw crucifers / soy.,,
vertigo,Bhrama,pathya,cow's milk,,,Charaka Chikitsa 28 (Vatavyadhi — Bhrama); Ashtanga Hridayam Sutra 17,"Sodium, stimulants and very sour foods aggravate Bhrama.",,
vertigo,Bhrama,pathya,cow's ghee,,,Charaka Chikitsa 28 (Vatavyadhi — Bhrama); Ashtanga Hridayam Sutra 17,"Sodium, stimulants and very sour foods aggravate Bhrama.",,
vertigo,Bhrama,pathya,amla,,,Charaka Chikitsa 28 (Vatavyadhi — Bhrama); Ashtanga Hridayam Sutra 17,"Sodium, stimulants and very sour foods aggravate Bhrama.",,
vertigo,Bhrama,pathya,coriander (Dhanyaka),,,Charaka Chikitsa 28 (Vatavyadhi — Bhrama); Ashtanga Hridayam Sutra 17,"Sodium, stimulants and very sour foods aggravate Bhrama.",,
vertigo,Bhrama,pathya,grapes (Draksha),,,Charaka Chikitsa 28 (Vatavyadhi — Bhrama); Ashtanga Hridayam Sutra 17,"Sodium, stimulants and very sour foods aggravate Bhrama.",,
vertigo,Bhrama,pathya,adequate water,,,Charaka Chikitsa 28 (Vatavyadhi — Bhrama); Ashtanga Hridayam Sutra 17,"Sodium, stimulants and very sour foods aggravate Bhrama.",,
vertigo,Bhrama,pathya,small frequent meals,,,Charaka Chikitsa 28 (Vatavyadhi — Bhrama); Ashtanga Hridayam Sutra 17,"Sodium, stimulants and very sour foods aggravate Bhrama.",,
vertigo,Bhrama,apathya,excess salt,no,,Charaka Chikitsa 28 (Vatavyadhi — Bhrama); Ashtanga Hridayam Sutra 17,"Sodium, stimulants and very sour foods aggravate Bhrama.",,
vertigo,Bhrama,apathya,coffee and strong black tea,yes,,Charaka Chikitsa 28 (Vatavyadhi — Bhrama); Ashtanga Hridayam Sutra 17,"Sodium, stimulants and very sour foods aggravate Bhrama.",,
vertigo,Bhrama,apathya,alcohol,yes,,Charaka Chikitsa 28 (Vatavyadhi — Bhrama); Ashtanga Hridayam Sutra 17,"Sodium, stimulants and very sour foods aggravate Bhrama.",,
vertigo,Bhrama,apathya,fasting,no,,Charaka Chikitsa 28 (Vatavyadhi — Bhrama); Ashtanga Hridayam Sutra 17,"Sodium, stimulants and very sour foods aggravate Bhrama.",,
vertigo,Bhrama,apathya,very sour foods,no,,Charaka Chikitsa 28 (Vatavyadhi — Bhrama); Ashtanga Hridayam Sutra 17,"Sodium, stimulants and very sour foods aggravate Bhrama.",,
vertigo,Bhrama,apathya,heavy meals at night,no,,Charaka Chikitsa 28 (Vatavyadhi — Bhrama); Ashtanga Hridayam Sutra 17,"Sodium, stimulants and very sour foods aggravate Bhrama.",,
