condition,claim,food,food_id,prep_state,rasa,guna,virya,vipaka,dosha_effect,prabhava,classical_entry,screen_rule,screen_saw,claim_ok,should_be,vaidya_notes
acidity,apathya,Akshota (Walnuts),walnuts,raw,sweet; astringent,guru; snigdha,heating,sweet,V-2 P+1 K+1,,bhavaprakasha,,,,,
acidity,apathya,Amra (Mango),mango,ripe,sweet,guru; snigdha,heating,sweet,V-2 P+1 K+2,"Ripe Amra is Vrishya and Balya, and ushna despite a purely madhura rasa — the reason it is a summer fruit that nonetheless aggravates Pitta in quantity.",bhavaprakasha,,,,,
acidity,apathya,Amra (Raw Mango),raw_mango,unripe,sour; astringent,laghu; ruksha,heating,sour,V+1 P+2 K-1,,bhavaprakasha,,,,,
acidity,apathya,Ardraka (Fresh Ginger),ginger,fresh,pungent,guru; snigdha; tikshna,heating,pungent,V-2 P+1 K-2,Ardraka is guru and snigdha with katu vipaka where dried Shunthi is laghu with madhura vipaka. Fresh and dry are two dravyas and the texts prescribe them differently — this row and `ginger_dry_saunth` are that distinction.,bhavaprakasha,,,,,
acidity,apathya,Atasi (Flax Seeds),flax_seeds,raw,sweet; astringent,guru; snigdha; picchila,heating,pungent,V-2 P+1 K+0,"Ushna virya and katu vipaka against a madhura-kashaya rasa — the classical caution on Atasi, and why it is a Vata-Kapha seed rather than a cooling one.",bhavaprakasha,,,,,
acidity,apathya,Badama (Almonds),almonds,raw,sweet,guru; snigdha,heating,sweet,V-2 P+1 K+2,"Medhya, Balya and Vrishya — the actions that make Badama a Rasayana rather than a fat, and the reason it is soaked and peeled before use.",bhavaprakasha,,,,,
acidity,apathya,Bajra (Pearl Millet),millet_bajra,cooked,sweet; astringent,laghu; ruksha,heating,pungent,V+1 P+1 K-2,"Ushna virya and Pitta-vardhaka against a madhura-kashaya rasa that would pacify Pitta by rule — the classical caution on Bajra, and why it is a winter grain and not a summer one.",bhavaprakasha,,,,,
acidity,apathya,Cashew Cream,cashew_cream,prepared,sweet,guru; snigdha,heating,sweet,V-2 P+1 K+2,"Pitta-vardhaka despite madhura rasa — Kaju is ushna virya, the one sweet nut the texts warn against in Pitta, and blending it into a cream concentrates rather than tempers that.",no — extrapolated,,,,,
acidity,apathya,Chilgoza (Pine Nuts),pine_nuts,raw,sweet,guru; snigdha,heating,sweet,V-2 P+1 K+1,,bhavaprakasha,,,,,
acidity,apathya,Coconut Yogurt,coconut_yogurt,prepared,sweet; sour,guru; snigdha,heating,sour,V-1 P+1 K+1,,no — extrapolated,,,,,
acidity,apathya,Dadhi (Curd),curd_yogurt,prepared,sour; sweet,guru; snigdha; picchila,heating,sour,V-1 P+2 K+2,,bhavaprakasha,,,,,
acidity,apathya,Eranda-karkati (Papaya),papaya,ripe,sweet,guru; tikshna,heating,pungent,V-1 P+1 K-1,Deepana and Bhedana — the digestive and purgative action that makes papaya a medicine for a sluggish gut and a uterine stimulant in pregnancy. Both come from the same Prabhava.,bhavaprakasha,,,,,
acidity,apathya,Eranda-karkati (Raw Papaya),raw_papaya,unripe,astringent; bitter,laghu; tikshna; ruksha,heating,pungent,V+1 P+1 K-2,"Bhedana and a uterine stimulant — unripe papaya carries the action far more strongly than the ripe fruit, which is the whole basis of the pregnancy bar.",bhavaprakasha,,,,,
acidity,apathya,Flax Milk,flax_milk,prepared,sweet; astringent,guru; snigdha; picchila,heating,pungent,V-1 P+1 K+0,"Atasi is ushna virya and katu vipaka against a madhura-kashaya rasa, and Pitta-vardhaka with it — the classical caution on flax, which is why it is a Vata-Kapha seed and not a cooling one. Cited for the seed; carried to the milk by extrapolation.",no — extrapolated,,,,,
acidity,apathya,Garjara (Carrot),carrot,cooked,sweet; bitter,laghu; ruksha,heating,pungent,V-1 P+1 K-1,"Deepana and Grahi — Garjara is warming and binding, which is why it is a winter root and not the cooling one its madhura rasa suggests.",bhavaprakasha,,,,,
acidity,apathya,Green Tea,green_tea,prepared,astringent; bitter,laghu; ruksha,heating,pungent,V+1 P+0 K-2,,no — extrapolated,,,,,
acidity,apathya,Hemp Seeds,hemp_seeds,raw,sweet; astringent,guru; snigdha,heating,sweet,V-1 P+1 K+1,,no — extrapolated,,,,,
acidity,apathya,Kaju (Cashews),cashews,raw,sweet,guru; snigdha,heating,sweet,V-2 P+2 K+2,The one sweet nut the texts warn against in Pitta — Kaju is ushna and Vidahi where its madhura rasa says it should cool.,bhavaprakasha,,,,,
acidity,apathya,Kanda (Yam),yam,cooked,sweet; astringent,guru; ruksha,heating,sweet,V-1 P+1 K-1,"Arshoghna — Surana is the classical haemorrhoid remedy, the action it is named for and one no part of its rasa predicts.",bhavaprakasha,,,,,
acidity,apathya,Katuvira (Capsicum),capsicum_bell_pepper,cooked,pungent; sweet,laghu; ruksha,heating,pungent,V-1 P+1 K-1,,no — extrapolated,,,,,
acidity,apathya,Kiwi,kiwi,ripe,sweet; sour,laghu; snigdha,cooling,sour,V-1 P+0 K+0,,no — extrapolated,,,,,
acidity,apathya,Kuttu (Buckwheat),buckwheat,cooked,sweet; astringent,laghu; ruksha,heating,pungent,V+1 P+1 K-1,Ushna virya and Pitta-vardhaka against a rasa that would pacify Pitta — the reason Kuttu is a Vrata grain for cold months and sits badly in Grishma.,no — extrapolated,,,,,
acidity,apathya,Lasuna (Garlic),garlic,cooked,pungent,guru; snigdha; tikshna,heating,pungent,V-2 P+2 K-2,Rasayana for Vata and the classical Amavata medicine — Lasuna carries five of the six rasas and is prescribed where its katu rasa alone would bar it.,bhavaprakasha,,,,,
acidity,apathya,Makka (Sweet Corn),corn,cooked,sweet; astringent,guru; ruksha,heating,pungent,V+1 P+1 K-1,"Ushna despite madhura rasa, and guru while ruksha — the combination that makes Makka hard on Vata and on a weak Agni both.",bhavaprakasha,,,,,
acidity,apathya,Makka (Sweet Corn),corn_sweet,cooked,sweet; astringent,guru; ruksha,heating,pungent,V+1 P+1 K-1,,bhavaprakasha,,,,,
acidity,apathya,Mandapi (Peanuts),peanuts,raw,sweet; astringent,guru; snigdha,heating,sweet,V-1 P+2 K+2,"Ushna and Vidahi against a madhura rasa — the peanut heats and burns where its rasa says it should cool, which is the classical caution and the reason it is withheld in Amlapitta and Kushtha.",bhavaprakasha,,,,,
acidity,apathya,Mandapi (Roasted Peanuts),peanuts_roasted,roasted,sweet; astringent,guru; ruksha; tikshna,heating,sweet,V-1 P+2 K+1,"Roasting turns Mandapi ruksha and more Vidahi than the raw seed — the same dravya, a sharper one, and the reason roasted peanuts sit worse in Amlapitta than boiled ones.",bhavaprakasha,,,,,
acidity,apathya,Maricha (Black Pepper),black_pepper,prepared,pungent,laghu; tikshna; ruksha,heating,pungent,V-1 P+2 K-2,"Vata-kapha hara at culinary dose, where the deepana action dominates the Vata-raising tendency of katu rasa. In quantity the rasa wins — which is why Maricha is classically a pinch and not a spoon.",bhavaprakasha,,,,,
acidity,apathya,Masha (Urad Dal),urad_dal,cooked,sweet,guru; snigdha; picchila,heating,sweet,V-2 P+2 K+2,"Ushna virya and Pitta-vardhaka against a madhura rasa that pacifies Pitta by rule — Masha is Balya and Vrishya, the strength-building legume, and the pole opposite Mudga in this varga. It is the black gram named first in the Amavata Apathya.",bhavaprakasha,,,,,
acidity,apathya,Mastu (Whey),whey,prepared,sour; astringent,laghu; ruksha,heating,sour,V-1 P+0 K-1,"Srotoshodhaka — it clears the channels, which is why the watery part of curd is given where curd itself blocks them.",bhavaprakasha,,,,,
acidity,apathya,Masura (Masoor Dal),masoor_dal,cooked,sweet; astringent,laghu; ruksha,heating,pungent,V+1 P+0 K-1,"Grahi — it binds the stool, which is why Masura is given in loose motions and is the legume withheld in constipation.",bhavaprakasha,,,,,
acidity,apathya,Methika Patra (Fenugreek Leaves),methi_fenugreek_leaves,cooked,bitter; astringent,laghu; ruksha,heating,pungent,V-1 P+1 K-2,"Deepana and Vata-hara despite a tikta-kashaya rasa that raises Vata by rule — the leaf is warming where the rasa is not, which is why Methi greens are a winter Shaka.",bhavaprakasha,,,,,
acidity,apathya,Nagaranga (Orange),orange,ripe,sweet; sour,laghu; snigdha,cooling,sweet,V-1 P+0 K+1,,bhavaprakasha,,,,,
acidity,apathya,Nimbu Jala (Lemon Water),lemon_water,prepared,sour,laghu; ruksha,heating,sour,V-1 P+1 K-1,"Kapha-hara despite amla rasa, which raises Kapha by rule. Nimbu's laghu-ruksha guna and its deepana-lekhana action govern — the reason warm lemon water is the classical morning drink for Ama and not a Kapha-aggravating one.",bhavaprakasha,,,,,
acidity,apathya,Palandu (Onion),onion,cooked,pungent; sweet,guru; snigdha; tikshna,heating,pungent,V-1 P+2 K-1,,bhavaprakasha,,,,,
acidity,apathya,Palanki (Beetroot),beetroot,cooked,sweet,guru; snigdha,heating,sweet,V-1 P+1 K+1,,bhavaprakasha,,,,,
acidity,apathya,Paratha,paratha,cooked,sweet,guru; snigdha; sthira,heating,sweet,V-2 P+1 K+2,"Pitta-vardhaka against a madhura rasa that pacifies Pitta by rule. The preparation decides: sneha taken to griddle heat turns the virya ushna, which is Vidahi — the same reason fried food is the first Apathya named in Amlapitta.",no — extrapolated,,,,,
acidity,apathya,Pineapple,pineapple,ripe,sweet; sour,guru; tikshna,heating,sour,V-1 P+1 K-1,,no — extrapolated,,,,,
acidity,apathya,Pistachios,pistachios,raw,sweet,guru; snigdha,heating,sweet,V-2 P+1 K+2,,bhavaprakasha,,,,,
acidity,apathya,Raktaphala (Tomato),tomato,raw,sour; sweet,laghu; snigdha,heating,sour,V-1 P+2 K-1,,no — extrapolated,,,,,
acidity,apathya,Sarshapa Taila (Mustard Oil),mustard_oil,prepared,pungent; bitter,laghu; snigdha; tikshna,heating,pungent,V-1 P+2 K-2,"Vata-hara despite katu-tikta rasa: it is a sneha, and the oleating quality reaches Vata where the rasa alone would raise it. Classically kapha-vata hara and decidedly Pitta-vardhaka.",bhavaprakasha,,,,,
acidity,apathya,Shigru (Drumstick / Moringa),drumstick_moringa,cooked,pungent; bitter,laghu; ruksha; tikshna,heating,pungent,V-1 P+1 K-2,"Shothahara and Krimighna — Shigru is the anti-inflammatory Shaka, given in Amavata and in Shotha where a katu-tikta vegetable would otherwise be avoided for Vata.",bhavaprakasha,,,,,
acidity,apathya,Shunthi (Dry Ginger),ginger_dry_saunth,prepared,pungent,laghu; snigdha,heating,sweet,V-2 P+1 K-2,"Madhura vipaka despite katu rasa — the classical exception for Shunthi, and the reason dry ginger nourishes where fresh Ardraka only stimulates. The same action makes it vata-hara where katu rasa alone would raise Vata.",bhavaprakasha,,,,,
acidity,apathya,Shunthi Kwatha (Ginger Tea),ginger_tea,prepared,pungent,laghu; snigdha,heating,sweet,V-2 P+1 K-2,"Made from Shunthi, and carries its exception: madhura vipaka despite katu rasa, and vata-hara where the rasa alone would raise Vata.",bhavaprakasha,,,,,
acidity,apathya,Sunflower Seeds,sunflower_seeds,raw,sweet,guru; snigdha,heating,sweet,V-1 P+1 K+1,,no — extrapolated,,,,,
acidity,apathya,Takra (Buttermilk),buttermilk_chaas,prepared,sour; astringent,laghu; ruksha,heating,sour,V-1 P+0 K-1,"Grahi and deepana — the classical Grahani medicine, and the reason Takra is prescribed where Dadhi, made from the same milk, is withheld (Charaka Chikitsa 15).",bhavaprakasha,,,,,
acidity,apathya,Tila (Sesame Seeds),sesame_seeds_til,raw,sweet; bitter; astringent,guru; snigdha,heating,pungent,V-2 P+1 K+1,"Balya and Vata-hara, and the Kushtha caution that comes with it — Tila with milk is named Viruddha in the Kushtha Nidana (Charaka Chikitsa 7).",bhavaprakasha,,,,,
acidity,apathya,Tila Taila (Sesame Oil),sesame_oil,prepared,sweet; bitter; astringent,guru; snigdha; tikshna,heating,pungent,V-2 P+1 K+1,"Pitta-vardhaka despite a rasa set that is entirely Pitta-pacifying — the ushna virya governs here, which is why Tila Taila is the Vata oil and not the Pitta one.",bhavaprakasha,,,,,
acidity,apathya,Tulsi Tea,tulsi_tea,prepared,pungent; bitter,laghu; ruksha; tikshna,heating,pungent,V-1 P+1 K-2,"Hridya and Rasayana — Tulsi's specific action carries it past what its katu-tikta rasa alone would do, which is why it is given as a daily drink and Maricha is not.",bhavaprakasha,,,,,
acidity,apathya,Whole Wheat Bread,bread_whole_wheat,fermented,sweet; sour,guru; ruksha; sthira,heating,sour,V+1 P+1 K+2,"Vata-vardhaka against a madhura-amla rasa that pacifies Vata by rule. Yeast fermentation makes the loaf ruksha and khara where the wheat was snigdha, and Vata follows the guna here rather than the rasa — the same reason dry, aerated food is withheld in Vata disorders.",no — extrapolated,,,,,
acidity,apathya,Yavani (Ajwain),ajwain,prepared,pungent; bitter,laghu; ruksha; tikshna,heating,pungent,V-2 P+1 K-2,Vata-anulomana and shula-prashamana — the classical carminative. It clears the Anaha through which its own katu-tikta rasa would aggravate Vata.,bhavaprakasha,,,,,
acidity,pathya,Alabu (Bottle Gourd),bottle_gourd,cooked,sweet,laghu; snigdha; drava,cooling,sweet,V+0 P-2 K-1,"Laghu and Mutrala where a madhura, snigdha dravya would be neither — which is why Alabu is the gourd given in fever, in convalescence and to a weak Agni.",bhavaprakasha,,,,,
acidity,pathya,Almond Milk,almond_milk,prepared,sweet,laghu; snigdha,cooling,sweet,V-1 P-1 K+1,,no — extrapolated,,,,,
acidity,pathya,Amalaki (Amla),amla,ripe,sour; astringent; sweet,laghu; ruksha,cooling,sweet,V-1 P-2 K-1,Amla rasa with shita virya and madhura vipaka — the combination is unique to Amalaki and is why the one sour fruit in the pharmacopoeia is given freely in Pitta. Rasayana and tridoshaghna.,bhavaprakasha,,,,,
acidity,pathya,Anjeera (Figs),figs,ripe,sweet,guru; snigdha,cooling,sweet,V-1 P-1 K+1,,bhavaprakasha,,,,,
acidity,pathya,Asparagus,asparagus,cooked,sweet; bitter,guru; snigdha,cooling,sweet,V-1 P-2 K+0,,no — extrapolated,,,,,
acidity,pathya,Chia Seeds,chia_seeds,raw,sweet; astringent,guru; picchila; snigdha,cooling,sweet,V-1 P-1 K+0,,no — extrapolated,,,,,
acidity,pathya,Coconut Cream,coconut_cream,prepared,sweet,guru; snigdha; picchila,cooling,sweet,V-2 P-2 K+2,,bhavaprakasha,,,,,
acidity,pathya,Dadima (Pomegranate),pomegranate,ripe,sweet; sour; astringent,laghu; snigdha,cooling,sweet,V-1 P-1 K-1,"Tridoshaghna and Hridya — the sweet Dadima is one of the few fruits the texts give to all three Doshas, and the one prescribed in Grahani and in convalescence.",bhavaprakasha,,,,,
acidity,pathya,Dhanyaka (Coriander Seed),coriander_dhania,prepared,astringent; bitter; sweet,laghu; snigdha,heating,sweet,V-1 P-1 K-1,"Tridoshaghna, and Pitta-shamaka in effect despite ushna virya — the action the texts attribute to Dhanyaka specifically, which is why it is the one warm spice given freely in Pitta conditions.",bhavaprakasha,,,,,
acidity,pathya,Draksha (Grapes),grapes,ripe,sweet,guru; snigdha; mridu,cooling,sweet,V-2 P-2 K+1,"Phalottama — the texts call Draksha the best of fruits and give it in all three Doshas, which no other madhura, guru fruit here earns.",bhavaprakasha,,,,,
acidity,pathya,Ela (Green Cardamom),cardamom_elaichi,prepared,pungent; sweet,laghu; ruksha,cooling,sweet,V-1 P-1 K-1,Shita virya despite katu rasa — the classical exception that makes Ela the aromatic given in Pitta conditions where Maricha and Twak are barred.,bhavaprakasha,,,,,
acidity,pathya,Godugdha (Cow's Milk),milk_full_fat,prepared,sweet,guru; snigdha; manda; picchila,cooling,sweet,V-2 P-2 K+2,Ojas-vardhaka and Rasayana — the action that makes milk a therapy rather than a food (Charaka Sutrasthana 27).,bhavaprakasha,,,,,
acidity,pathya,Goghrita (Cow's Ghee),ghee_oil,prepared,sweet,guru; snigdha; mridu,cooling,sweet,V-2 P-2 K+1,"Agni-deepana while being snigdha and guru — the classical exception that makes Ghrita the one fat given to a weak Agni rather than withheld from it (Charaka Sutrasthana 13). Vata-Pitta hara, Ojas-vardhaka.",bhavaprakasha,,,,,
acidity,pathya,Goghrita (Cow's Ghee),ghee,prepared,sweet,guru; snigdha; mridu,cooling,sweet,V-2 P-2 K+1,Agni-deepana while being snigdha and guru — the classical exception that makes Ghrita the one fat given to a weak Agni rather than withheld from it (Charaka Sutrasthana 13). Ojas-vardhaka.,bhavaprakasha,,,,,
acidity,pathya,Kadali (Banana),banana,ripe,sweet; astringent,guru; snigdha; picchila,cooling,sour,V-1 P+0 K+2,"Amla vipaka against a madhura-kashaya rasa — the classical exception for Kadali, and the reason banana with milk is named Viruddha.",bhavaprakasha,,,,,
acidity,pathya,Kalinga (Watermelon),watermelon,ripe,sweet,guru; snigdha; drava,cooling,sweet,V+1 P-2 K+1,"Mutrala — the diuretic action is why Kalinga is given in Grishma and in urinary heat, and why it is not simply a heavy sweet fruit.",bhavaprakasha,,,,,
acidity,pathya,Kamala Kanda (Lotus Stem),lotus_stem,cooked,sweet; astringent,guru; ruksha,cooling,sweet,V+1 P-1 K+0,,bhavaprakasha,,,,,
acidity,pathya,Kharbuja Bija (Melon Seeds / Magaz),melon_seeds_magaz,raw,sweet,guru; snigdha,cooling,sweet,V-1 P-2 K+1,"Mutrala and Pittahara — one of the Chatur Bija, given for urinary heat where its guru-snigdha guna alone would suggest otherwise.",bhavaprakasha,,,,,
acidity,pathya,Kharjura (Dates),dates,ripe,sweet,guru; snigdha; mridu,cooling,sweet,V-2 P-2 K+2,"Brimhana and Balya — Kharjura is the classical convalescent fruit, given to rebuild after depletion where its guru guna would otherwise argue against it.",bhavaprakasha,,,,,
acidity,pathya,Kushmanda (Pumpkin),pumpkin,cooked,sweet,guru; snigdha,cooling,sweet,V-1 P-2 K+1,"Medhya and Hridya — Kushmanda is the Rasayana gourd, given in mental and cardiac depletion, which is not an action any of its qualities predict.",bhavaprakasha,,,,,
acidity,pathya,Lassi (Sweetened Takra),lassi,prepared,sweet; sour,guru; snigdha,cooling,sweet,V-1 P-1 K+2,"Sweetening and thickening reverse Takra's action: sweet Lassi is guru and Kapha-vardhaka where the Takra it is made from is laghu and Kapha-hara. The preparation, not the milk, decides.",bhavaprakasha,,,,,
acidity,pathya,Mishreya (Fennel),fennel_saunf,prepared,sweet; bitter; pungent,laghu; snigdha,heating,sweet,V-1 P-1 K+0,,bhavaprakasha,,,,,
acidity,pathya,Mosambi (Sweet Lime),mosambi_sweet_lime,ripe,sweet; sour,laghu; snigdha,cooling,sweet,V-1 P-1 K+1,,bhavaprakasha,,,,,
acidity,pathya,Narikela (Fresh Coconut),coconut,ripe,sweet,guru; snigdha,cooling,sweet,V-1 P-2 K+2,,bhavaprakasha,,,,,
acidity,pathya,Narikela Jala (Tender Coconut Water),coconut_water,prepared,sweet,laghu; snigdha,cooling,sweet,V-1 P-2 K+0,,bhavaprakasha,,,,,
acidity,pathya,Narikela Ksheera (Coconut Milk),coconut_milk,prepared,sweet,guru; snigdha,cooling,sweet,V-1 P-2 K+2,,bhavaprakasha,,,,,
acidity,pathya,Narikela Taila (Coconut Oil),coconut_oil,prepared,sweet,guru; snigdha; manda,cooling,sweet,V-1 P-2 K+1,,bhavaprakasha,,,,,
acidity,pathya,Oats Porridge,oats,cooked,sweet; astringent,guru; picchila; snigdha,cooling,sweet,V-1 P-1 K+1,,no — extrapolated,,,,,
acidity,pathya,Padmabija (Makhana / Fox Nuts),fox_nuts_makhana,roasted,sweet; astringent,guru; snigdha; sthira,cooling,sweet,V-1 P-1 K+1,"Garbhasthapana and Vrishya — Makhana is the one nut given freely in pregnancy, which is why it is here and Kaju is not.",bhavaprakasha,,,,,
acidity,pathya,"Prithuka (Poha, Cooked)",poha,cooked,sweet,laghu; picchila,cooling,sweet,V-1 P-1 K+1,,bhavaprakasha,,,,,
acidity,pathya,"Seva (Apple, Raw)",apple,raw,sweet; astringent,guru; ruksha,cooling,sweet,V+1 P-1 K+0,,bhavaprakasha,,,,,
acidity,pathya,Shali (Basmati Rice),basmati_rice,cooked,sweet,laghu; snigdha; mridu,cooling,sweet,V-1 P-1 K+1,"Purana Shali — aged rice — is laghu where new rice is guru, which is why the texts specify the age.",bhavaprakasha,,,,,
acidity,pathya,Strawberry,strawberry,ripe,sweet; sour,laghu; snigdha,cooling,sour,V-1 P-1 K+0,,no — extrapolated,,,,,
acidity,pathya,Trapusha (Cucumber),cucumber,raw,sweet,guru; snigdha; drava,cooling,sweet,V+1 P-2 K+1,,bhavaprakasha,,,,,
acidity,pathya,White Rice,white_rice,cooked,sweet,laghu; picchila,cooling,sweet,V-1 P-1 K+2,,bhavaprakasha,,,,,
acidity,pathya,Zucchini,zucchini,cooked,sweet,laghu; drava,cooling,sweet,V+0 P-1 K+0,,no — extrapolated,,,,,
amavata,apathya,Aluka (Potato),potato,cooked,sweet,guru; ruksha,cooling,sweet,V+2 P-1 K+1,"Vata-vardhaka despite madhura rasa and against shita virya, which would raise Vata anyway — Aluka is Vatala in the texts, the standard caution on the tuber, and the reason it is cooked with ajwain.",bhavaprakasha,,,,,
amavata,apathya,Amra (Raw Mango),raw_mango,unripe,sour; astringent,laghu; ruksha,heating,sour,V+1 P+2 K-1,,bhavaprakasha,,,,,
amavata,apathya,Arbi (Colocasia),colocasia_arbi,cooked,sweet; astringent,guru; picchila,cooling,sweet,V+2 P-1 K+2,,bhavaprakasha,,,,,
amavata,apathya,Cabbage,cabbage,cooked,astringent; sweet,laghu; ruksha,cooling,pungent,V+2 P-1 K-1,,no — extrapolated,,,,,
amavata,apathya,Cauliflower,cauliflower,cooked,astringent; sweet,laghu; ruksha,cooling,pungent,V+2 P-1 K-1,,no — extrapolated,,,,,
amavata,apathya,Chanaka (Kabuli Chana),chhole,cooked,sweet; astringent,guru; ruksha,cooling,pungent,V+2 P-1 K-1,,bhavaprakasha,,,,,
amavata,apathya,Coconut Yogurt,coconut_yogurt,prepared,sweet; sour,guru; snigdha,heating,sour,V-1 P+1 K+1,,no — extrapolated,,,,,
amavata,apathya,Dadhi (Curd),curd_yogurt,prepared,sour; sweet,guru; snigdha; picchila,heating,sour,V-1 P+2 K+2,,bhavaprakasha,,,,,
amavata,apathya,Gavar (Cluster Beans),cluster_beans_gavar,cooked,astringent; sweet; bitter,guru; ruksha,cooling,pungent,V+2 P-1 K-1,,bhavaprakasha,,,,,
amavata,apathya,Kalaya (Green Peas),green_peas,cooked,sweet; astringent,guru; ruksha,cooling,pungent,V+2 P-1 K-1,,bhavaprakasha,,,,,
amavata,apathya,Kidney Beans,kidney_beans,cooked,sweet; astringent,guru; ruksha; sthira,cooling,pungent,V+2 P-1 K-1,,no — extrapolated,,,,,
amavata,apathya,Masha (Urad Dal),urad_dal,cooked,sweet,guru; snigdha; picchila,heating,sweet,V-2 P+2 K+2,"Ushna virya and Pitta-vardhaka against a madhura rasa that pacifies Pitta by rule — Masha is Balya and Vrishya, the strength-building legume, and the pole opposite Mudga in this varga. It is the black gram named first in the Amavata Apathya.",bhavaprakasha,,,,,
amavata,apathya,Mudga (Sprouted Moong),sprouted_moong,sprouted,sweet; astringent,laghu; ruksha; chala,cooling,pungent,V+2 P-1 K-1,,bhavaprakasha,,,,,
amavata,apathya,Mushroom,mushroom,cooked,sweet; astringent,guru; picchila,cooling,pungent,V+1 P-1 K+1,,bhavaprakasha,,,,,
amavata,apathya,Nagaranga (Orange),orange,ripe,sweet; sour,laghu; snigdha,cooling,sweet,V-1 P+0 K+1,,bhavaprakasha,,,,,
amavata,apathya,Nimbu Jala (Lemon Water),lemon_water,prepared,sour,laghu; ruksha,heating,sour,V-1 P+1 K-1,"Kapha-hara despite amla rasa, which raises Kapha by rule. Nimbu's laghu-ruksha guna and its deepana-lekhana action govern — the reason warm lemon water is the classical morning drink for Ama and not a Kapha-aggravating one.",bhavaprakasha,,,,,
amavata,apathya,Nutritional Yeast,nutritional_yeast,prepared,astringent; bitter,laghu; ruksha,heating,pungent,V+1 P+0 K-2,,no — extrapolated,,,,,
amavata,apathya,Palakya (Palak),palak,cooked,sweet; astringent; bitter,guru; ruksha,cooling,pungent,V+2 P-1 K-1,,bhavaprakasha,,,,,
amavata,apathya,Palakya (Spinach),spinach,cooked,sweet; astringent; bitter,guru; ruksha,cooling,pungent,V+2 P-1 K-1,,bhavaprakasha,,,,,
amavata,apathya,Pineapple,pineapple,ripe,sweet; sour,guru; tikshna,heating,sour,V-1 P+1 K-1,,no — extrapolated,,,,,
amavata,apathya,Rajma (Kidney Beans),rajma,cooked,sweet; astringent,guru; ruksha; sthira,cooling,pungent,V+2 P-1 K-1,,no — extrapolated,,,,,
amavata,apathya,Raktaphala (Tomato),tomato,raw,sour; sweet,laghu; snigdha,heating,sour,V-1 P+2 K-1,,no — extrapolated,,,,,
amavata,apathya,Tempeh,tempeh,fermented,sweet; astringent,guru; ruksha,heating,pungent,V+1 P+1 K+0,,no — extrapolated,,,,,
amavata,apathya,Trapusha (Cucumber),cucumber,raw,sweet,guru; snigdha; drava,cooling,sweet,V+1 P-2 K+1,,bhavaprakasha,,,,,
amavata,apathya,Whole Wheat Bread,bread_whole_wheat,fermented,sweet; sour,guru; ruksha; sthira,heating,sour,V+1 P+1 K+2,"Vata-vardhaka against a madhura-amla rasa that pacifies Vata by rule. Yeast fermentation makes the loaf ruksha and khara where the wheat was snigdha, and Vata follows the guna here rather than the rasa — the same reason dry, aerated food is withheld in Vata disorders.",no — extrapolated,,,,,
amavata,pathya,Ardraka (Fresh Ginger),ginger,fresh,pungent,guru; snigdha; tikshna,heating,pungent,V-2 P+1 K-2,Ardraka is guru and snigdha with katu vipaka where dried Shunthi is laghu with madhura vipaka. Fresh and dry are two dravyas and the texts prescribe them differently — this row and `ginger_dry_saunth` are that distinction.,bhavaprakasha,,,,,
amavata,pathya,Haridra (Turmeric),turmeric,prepared,bitter; pungent,ruksha; laghu,heating,pungent,V+0 P-1 K-2,,bhavaprakasha,,,,,
amavata,pathya,Hemp Seeds,hemp_seeds,raw,sweet; astringent,guru; snigdha,heating,sweet,V-1 P+1 K+1,,no — extrapolated,,,,,
amavata,pathya,Lasuna (Garlic),garlic,cooked,pungent,guru; snigdha; tikshna,heating,pungent,V-2 P+2 K-2,Rasayana for Vata and the classical Amavata medicine — Lasuna carries five of the six rasas and is prescribed where its katu rasa alone would bar it.,bhavaprakasha,,,,,
amavata,pathya,Methika (Fenugreek Seed),fenugreek_seeds_methi,prepared,bitter; pungent,laghu; snigdha,heating,pungent,V-1 P+1 K-2,Vata-kapha hara — the snigdha guna offsets the ruksha tendency its tikta-katu rasa would otherwise carry into Vata.,bhavaprakasha,,,,,
amavata,pathya,Methika Patra (Fenugreek Leaves),methi_fenugreek_leaves,cooked,bitter; astringent,laghu; ruksha,heating,pungent,V-1 P+1 K-2,"Deepana and Vata-hara despite a tikta-kashaya rasa that raises Vata by rule — the leaf is warming where the rasa is not, which is why Methi greens are a winter Shaka.",bhavaprakasha,,,,,
amavata,pathya,Mudga (Yellow Moong Dal),moong_dal_yellow,cooked,sweet; astringent,laghu; ruksha,cooling,pungent,V+0 P-1 K-1,"Shreshtha among the Shimbi — the one legume the texts call tridoshaghna and prescribe in fever, in convalescence and to a weak Agni, where every other legume in this varga is withheld.",bhavaprakasha,,,,,
amavata,pathya,Shigru (Drumstick / Moringa),drumstick_moringa,cooked,pungent; bitter,laghu; ruksha; tikshna,heating,pungent,V-1 P+1 K-2,"Shothahara and Krimighna — Shigru is the anti-inflammatory Shaka, given in Amavata and in Shotha where a katu-tikta vegetable would otherwise be avoided for Vata.",bhavaprakasha,,,,,
amavata,pathya,Shunthi (Dry Ginger),ginger_dry_saunth,prepared,pungent,laghu; snigdha,heating,sweet,V-2 P+1 K-2,"Madhura vipaka despite katu rasa — the classical exception for Shunthi, and the reason dry ginger nourishes where fresh Ardraka only stimulates. The same action makes it vata-hara where katu rasa alone would raise Vata.",bhavaprakasha,,,,,
amavata,pathya,Tila (Sesame Seeds),sesame_seeds_til,raw,sweet; bitter; astringent,guru; snigdha,heating,pungent,V-2 P+1 K+1,"Balya and Vata-hara, and the Kushtha caution that comes with it — Tila with milk is named Viruddha in the Kushtha Nidana (Charaka Chikitsa 7).",bhavaprakasha,,,,,
amavata,pathya,Tila Taila (Sesame Oil),sesame_oil,prepared,sweet; bitter; astringent,guru; snigdha; tikshna,heating,pungent,V-2 P+1 K+1,"Pitta-vardhaka despite a rasa set that is entirely Pitta-pacifying — the ushna virya governs here, which is why Tila Taila is the Vata oil and not the Pitta one.",bhavaprakasha,,,,,
anemia,apathya,Dadhi (Curd),curd_yogurt,prepared,sour; sweet,guru; snigdha; picchila,heating,sour,V-1 P+2 K+2,,bhavaprakasha,,,,,
anemia,apathya,Green Tea,green_tea,prepared,astringent; bitter,laghu; ruksha,heating,pungent,V+1 P+0 K-2,,no — extrapolated,,,,,
anemia,pathya,Amalaki (Amla),amla,ripe,sour; astringent; sweet,laghu; ruksha,cooling,sweet,V-1 P-2 K-1,Amla rasa with shita virya and madhura vipaka — the combination is unique to Amalaki and is why the one sour fruit in the pharmacopoeia is given freely in Pitta. Rasayana and tridoshaghna.,bhavaprakasha,,,,,
anemia,pathya,Amra (Mango),mango,ripe,sweet,guru; snigdha,heating,sweet,V-2 P+1 K+2,"Ripe Amra is Vrishya and Balya, and ushna despite a purely madhura rasa — the reason it is a summer fruit that nonetheless aggravates Pitta in quantity.",bhavaprakasha,,,,,
anemia,pathya,Anjeera (Figs),figs,ripe,sweet,guru; snigdha,cooling,sweet,V-1 P-1 K+1,,bhavaprakasha,,,,,
anemia,pathya,Badama (Almonds),almonds,raw,sweet,guru; snigdha,heating,sweet,V-2 P+1 K+2,"Medhya, Balya and Vrishya — the actions that make Badama a Rasayana rather than a fat, and the reason it is soaked and peeled before use.",bhavaprakasha,,,,,
anemia,pathya,Chanaka (Kabuli Chana),chhole,cooked,sweet; astringent,guru; ruksha,cooling,pungent,V+2 P-1 K-1,,bhavaprakasha,,,,,
anemia,pathya,Chikoo (Sapota),chikoo_sapota,ripe,sweet,guru; snigdha,cooling,sweet,V-1 P-1 K+2,,no — extrapolated,,,,,
anemia,pathya,Chilgoza (Pine Nuts),pine_nuts,raw,sweet,guru; snigdha,heating,sweet,V-2 P+1 K+1,,bhavaprakasha,,,,,
anemia,pathya,Dadima (Pomegranate),pomegranate,ripe,sweet; sour; astringent,laghu; snigdha,cooling,sweet,V-1 P-1 K-1,"Tridoshaghna and Hridya — the sweet Dadima is one of the few fruits the texts give to all three Doshas, and the one prescribed in Grahani and in convalescence.",bhavaprakasha,,,,,
anemia,pathya,Daliya (Broken Wheat),daliya,cooked,sweet,laghu; snigdha,cooling,sweet,V-1 P-1 K+1,,bhavaprakasha,,,,,
anemia,pathya,Draksha (Grapes),grapes,ripe,sweet,guru; snigdha; mridu,cooling,sweet,V-2 P-2 K+1,"Phalottama — the texts call Draksha the best of fruits and give it in all three Doshas, which no other madhura, guru fruit here earns.",bhavaprakasha,,,,,
anemia,pathya,Garjara (Carrot),carrot,cooked,sweet; bitter,laghu; ruksha,heating,pungent,V-1 P+1 K-1,"Deepana and Grahi — Garjara is warming and binding, which is why it is a winter root and not the cooling one its madhura rasa suggests.",bhavaprakasha,,,,,
anemia,pathya,Godhuma (Whole Wheat Roti),roti_whole_wheat,cooked,sweet,guru; snigdha; sthira,cooling,sweet,V-2 P-1 K+2,"Brimhana and Jivana — wheat builds tissue, which is the action that makes it Vata's staple and Kapha's burden at the same time.",bhavaprakasha,,,,,
anemia,pathya,Godugdha (Cow's Milk),milk_full_fat,prepared,sweet,guru; snigdha; manda; picchila,cooling,sweet,V-2 P-2 K+2,Ojas-vardhaka and Rasayana — the action that makes milk a therapy rather than a food (Charaka Sutrasthana 27).,bhavaprakasha,,,,,
anemia,pathya,Goghrita (Cow's Ghee),ghee_oil,prepared,sweet,guru; snigdha; mridu,cooling,sweet,V-2 P-2 K+1,"Agni-deepana while being snigdha and guru — the classical exception that makes Ghrita the one fat given to a weak Agni rather than withheld from it (Charaka Sutrasthana 13). Vata-Pitta hara, Ojas-vardhaka.",bhavaprakasha,,,,,
anemia,pathya,Goghrita (Cow's Ghee),ghee,prepared,sweet,guru; snigdha; mridu,cooling,sweet,V-2 P-2 K+1,Agni-deepana while being snigdha and guru — the classical exception that makes Ghrita the one fat given to a weak Agni rather than withheld from it (Charaka Sutrasthana 13). Ojas-vardhaka.,bhavaprakasha,,,,,
anemia,pathya,Kamala Kanda (Lotus Stem),lotus_stem,cooked,sweet; astringent,guru; ruksha,cooling,sweet,V+1 P-1 K+0,,bhavaprakasha,,,,,
anemia,pathya,Kharjura (Dates),dates,ripe,sweet,guru; snigdha; mridu,cooling,sweet,V-2 P-2 K+2,"Brimhana and Balya — Kharjura is the classical convalescent fruit, given to rebuild after depletion where its guru guna would otherwise argue against it.",bhavaprakasha,,,,,
anemia,pathya,Kilata (Paneer),paneer,prepared,sweet,guru; snigdha; picchila,cooling,sweet,V-1 P-1 K+2,,bhavaprakasha,,,,,
anemia,pathya,Kiwi,kiwi,ripe,sweet; sour,laghu; snigdha,cooling,sour,V-1 P+0 K+0,,no — extrapolated,,,,,
anemia,pathya,Kushmanda (Pumpkin),pumpkin,cooked,sweet,guru; snigdha,cooling,sweet,V-1 P-2 K+1,"Medhya and Hridya — Kushmanda is the Rasayana gourd, given in mental and cardiac depletion, which is not an action any of its qualities predict.",bhavaprakasha,,,,,
anemia,pathya,Kushmanda Bija (Pumpkin Seeds),pumpkin_seeds,raw,sweet,guru; snigdha,cooling,sweet,V-1 P-1 K+1,"Krimighna and Mutrala — the anthelmintic and diuretic actions the texts give Kushmanda seed, neither of which follows from its rasa.",bhavaprakasha,,,,,
anemia,pathya,Masha (Urad Dal),urad_dal,cooked,sweet,guru; snigdha; picchila,heating,sweet,V-2 P+2 K+2,"Ushna virya and Pitta-vardhaka against a madhura rasa that pacifies Pitta by rule — Masha is Balya and Vrishya, the strength-building legume, and the pole opposite Mudga in this varga. It is the black gram named first in the Amavata Apathya.",bhavaprakasha,,,,,
anemia,pathya,Masura (Whole Brown Lentil),lentils_brown,cooked,sweet; astringent,guru; ruksha,heating,pungent,V+2 P+0 K-1,,bhavaprakasha,,,,,
anemia,pathya,Mosambi (Sweet Lime),mosambi_sweet_lime,ripe,sweet; sour,laghu; snigdha,cooling,sweet,V-1 P-1 K+1,,bhavaprakasha,,,,,
anemia,pathya,Mudga (Sprouted Moong),sprouted_moong,sprouted,sweet; astringent,laghu; ruksha; chala,cooling,pungent,V+2 P-1 K-1,,bhavaprakasha,,,,,
anemia,pathya,Mudga (Yellow Moong Dal),moong_dal_yellow,cooked,sweet; astringent,laghu; ruksha,cooling,pungent,V+0 P-1 K-1,"Shreshtha among the Shimbi — the one legume the texts call tridoshaghna and prescribe in fever, in convalescence and to a weak Agni, where every other legume in this varga is withheld.",bhavaprakasha,,,,,
anemia,pathya,Nagaranga (Orange),orange,ripe,sweet; sour,laghu; snigdha,cooling,sweet,V-1 P+0 K+1,,bhavaprakasha,,,,,
anemia,pathya,Navanita (Fresh Butter),butter,prepared,sweet; astringent,guru; snigdha; mridu,cooling,sweet,V-2 P-1 K+1,"Fresh Navanita is deepana and grahi where aged butter is neither — the classical distinction, and why it is given in Arsha and Grahani.",bhavaprakasha,,,,,
anemia,pathya,Nutritional Yeast,nutritional_yeast,prepared,astringent; bitter,laghu; ruksha,heating,pungent,V+1 P+0 K-2,,no — extrapolated,,,,,
anemia,pathya,Padmabija (Makhana / Fox Nuts),fox_nuts_makhana,roasted,sweet; astringent,guru; snigdha; sthira,cooling,sweet,V-1 P-1 K+1,"Garbhasthapana and Vrishya — Makhana is the one nut given freely in pregnancy, which is why it is here and Kaju is not.",bhavaprakasha,,,,,
anemia,pathya,Palakya (Palak),palak,cooked,sweet; astringent; bitter,guru; ruksha,cooling,pungent,V+2 P-1 K-1,,bhavaprakasha,,,,,
anemia,pathya,Palakya (Spinach),spinach,cooked,sweet; astringent; bitter,guru; ruksha,cooling,pungent,V+2 P-1 K-1,,bhavaprakasha,,,,,
anemia,pathya,Palanki (Beetroot),beetroot,cooked,sweet,guru; snigdha,heating,sweet,V-1 P+1 K+1,,bhavaprakasha,,,,,
anemia,pathya,Rajamasha (Black-Eyed Peas),black_eyed_peas,cooked,sweet; astringent,guru; ruksha,cooling,pungent,V+2 P-1 K-1,,bhavaprakasha,,,,,
anemia,pathya,Ramdana (Amaranth),amaranth,cooked,sweet; astringent,laghu; ruksha,cooling,sweet,V+0 P-1 K-1,,bhavaprakasha,,,,,
anemia,pathya,Santanika (Cream),cream,prepared,sweet,guru; snigdha; picchila,cooling,sweet,V-2 P-1 K+2,,bhavaprakasha,,,,,
anemia,pathya,Shakarkand (Sweet Potato),sweet_potato,cooked,sweet,guru; snigdha,cooling,sweet,V-1 P-1 K+2,,bhavaprakasha,,,,,
anemia,pathya,Shigru (Drumstick / Moringa),drumstick_moringa,cooked,pungent; bitter,laghu; ruksha; tikshna,heating,pungent,V-1 P+1 K-2,"Shothahara and Krimighna — Shigru is the anti-inflammatory Shaka, given in Amavata and in Shotha where a katu-tikta vegetable would otherwise be avoided for Vata.",bhavaprakasha,,,,,
anemia,pathya,Tila (Sesame Seeds),sesame_seeds_til,raw,sweet; bitter; astringent,guru; snigdha,heating,pungent,V-2 P+1 K+1,"Balya and Vata-hara, and the Kushtha caution that comes with it — Tila with milk is named Viruddha in the Kushtha Nidana (Charaka Chikitsa 7).",bhavaprakasha,,,,,
arsha,apathya,Adhaki (Toor Dal),toor_dal,cooked,sweet; astringent,laghu; ruksha,cooling,pungent,V+1 P-1 K-1,,bhavaprakasha,,,,,
arsha,apathya,Amra (Raw Mango),raw_mango,unripe,sour; astringent,laghu; ruksha,heating,sour,V+1 P+2 K-1,,bhavaprakasha,,,,,
arsha,apathya,Ardraka (Fresh Ginger),ginger,fresh,pungent,guru; snigdha; tikshna,heating,pungent,V-2 P+1 K-2,Ardraka is guru and snigdha with katu vipaka where dried Shunthi is laghu with madhura vipaka. Fresh and dry are two dravyas and the texts prescribe them differently — this row and `ginger_dry_saunth` are that distinction.,bhavaprakasha,,,,,
arsha,apathya,Black Beans,black_beans,cooked,sweet; astringent,guru; ruksha,cooling,pungent,V+2 P+0 K-1,,no — extrapolated,,,,,
arsha,apathya,Chanaka (Chana Dal),chana_dal,cooked,sweet; astringent,laghu; ruksha,cooling,pungent,V+2 P-1 K-1,,bhavaprakasha,,,,,
arsha,apathya,Chanaka (Kabuli Chana),chhole,cooked,sweet; astringent,guru; ruksha,cooling,pungent,V+2 P-1 K-1,,bhavaprakasha,,,,,
arsha,apathya,Kidney Beans,kidney_beans,cooked,sweet; astringent,guru; ruksha; sthira,cooling,pungent,V+2 P-1 K-1,,no — extrapolated,,,,,
arsha,apathya,Maricha (Black Pepper),black_pepper,prepared,pungent,laghu; tikshna; ruksha,heating,pungent,V-1 P+2 K-2,"Vata-kapha hara at culinary dose, where the deepana action dominates the Vata-raising tendency of katu rasa. In quantity the rasa wins — which is why Maricha is classically a pinch and not a spoon.",bhavaprakasha,,,,,
arsha,apathya,Masha (Urad Dal),urad_dal,cooked,sweet,guru; snigdha; picchila,heating,sweet,V-2 P+2 K+2,"Ushna virya and Pitta-vardhaka against a madhura rasa that pacifies Pitta by rule — Masha is Balya and Vrishya, the strength-building legume, and the pole opposite Mudga in this varga. It is the black gram named first in the Amavata Apathya.",bhavaprakasha,,,,,
arsha,apathya,Paratha,paratha,cooked,sweet,guru; snigdha; sthira,heating,sweet,V-2 P+1 K+2,"Pitta-vardhaka against a madhura rasa that pacifies Pitta by rule. The preparation decides: sneha taken to griddle heat turns the virya ushna, which is Vidahi — the same reason fried food is the first Apathya named in Amlapitta.",no — extrapolated,,,,,
arsha,apathya,Rajamasha (Black-Eyed Peas),black_eyed_peas,cooked,sweet; astringent,guru; ruksha,cooling,pungent,V+2 P-1 K-1,,bhavaprakasha,,,,,
arsha,apathya,Rajma (Kidney Beans),rajma,cooked,sweet; astringent,guru; ruksha; sthira,cooling,pungent,V+2 P-1 K-1,,no — extrapolated,,,,,
arsha,apathya,Raktaphala (Tomato),tomato,raw,sour; sweet,laghu; snigdha,heating,sour,V-1 P+2 K-1,,no — extrapolated,,,,,
arsha,apathya,Shunthi (Dry Ginger),ginger_dry_saunth,prepared,pungent,laghu; snigdha,heating,sweet,V-2 P+1 K-2,"Madhura vipaka despite katu rasa — the classical exception for Shunthi, and the reason dry ginger nourishes where fresh Ardraka only stimulates. The same action makes it vata-hara where katu rasa alone would raise Vata.",bhavaprakasha,,,,,
arsha,apathya,Shunthi Kwatha (Ginger Tea),ginger_tea,prepared,pungent,laghu; snigdha,heating,sweet,V-2 P+1 K-2,"Made from Shunthi, and carries its exception: madhura vipaka despite katu rasa, and vata-hara where the rasa alone would raise Vata.",bhavaprakasha,,,,,
arsha,pathya,Kanda (Yam),yam,cooked,sweet; astringent,guru; ruksha,heating,sweet,V-1 P+1 K-1,"Arshoghna — Surana is the classical haemorrhoid remedy, the action it is named for and one no part of its rasa predicts.",bhavaprakasha,,,,,
arsha,pathya,Navanita (Fresh Butter),butter,prepared,sweet; astringent,guru; snigdha; mridu,cooling,sweet,V-2 P-1 K+1,"Fresh Navanita is deepana and grahi where aged butter is neither — the classical distinction, and why it is given in Arsha and Grahani.",bhavaprakasha,,,,,
arsha,pathya,Takra (Buttermilk),buttermilk_chaas,prepared,sour; astringent,laghu; ruksha,heating,sour,V-1 P+0 K-1,"Grahi and deepana — the classical Grahani medicine, and the reason Takra is prescribed where Dadhi, made from the same milk, is withheld (Charaka Chikitsa 15).",bhavaprakasha,,,,,
arsha,pathya,Tila Taila (Sesame Oil),sesame_oil,prepared,sweet; bitter; astringent,guru; snigdha; tikshna,heating,pungent,V-2 P+1 K+1,"Pitta-vardhaka despite a rasa set that is entirely Pitta-pacifying — the ushna virya governs here, which is why Tila Taila is the Vata oil and not the Pitta one.",bhavaprakasha,,,,,
asthma,apathya,Cottage Cheese,cottage_cheese,prepared,sweet; sour,guru; snigdha,cooling,sweet,V-1 P+0 K+2,,no — extrapolated,,,,,
asthma,apathya,Dadhi (Curd),curd_yogurt,prepared,sour; sweet,guru; snigdha; picchila,heating,sour,V-1 P+2 K+2,,bhavaprakasha,,,,,
asthma,apathya,Godugdha (Cow's Milk),milk_full_fat,prepared,sweet,guru; snigdha; manda; picchila,cooling,sweet,V-2 P-2 K+2,Ojas-vardhaka and Rasayana — the action that makes milk a therapy rather than a food (Charaka Sutrasthana 27).,bhavaprakasha,,,,,
asthma,apathya,Kadali (Banana),banana,ripe,sweet; astringent,guru; snigdha; picchila,cooling,sour,V-1 P+0 K+2,"Amla vipaka against a madhura-kashaya rasa — the classical exception for Kadali, and the reason banana with milk is named Viruddha.",bhavaprakasha,,,,,
asthma,apathya,Kilata (Paneer),paneer,prepared,sweet,guru; snigdha; picchila,cooling,sweet,V-1 P-1 K+2,,bhavaprakasha,,,,,
asthma,apathya,Lassi (Sweetened Takra),lassi,prepared,sweet; sour,guru; snigdha,cooling,sweet,V-1 P-1 K+2,"Sweetening and thickening reverse Takra's action: sweet Lassi is guru and Kapha-vardhaka where the Takra it is made from is laghu and Kapha-hara. The preparation, not the milk, decides.",bhavaprakasha,,,,,
asthma,apathya,Mosambi (Sweet Lime),mosambi_sweet_lime,ripe,sweet; sour,laghu; snigdha,cooling,sweet,V-1 P-1 K+1,,bhavaprakasha,,,,,
asthma,apathya,Nagaranga (Orange),orange,ripe,sweet; sour,laghu; snigdha,cooling,sweet,V-1 P+0 K+1,,bhavaprakasha,,,,,
asthma,pathya,Ardraka (Fresh Ginger),ginger,fresh,pungent,guru; snigdha; tikshna,heating,pungent,V-2 P+1 K-2,Ardraka is guru and snigdha with katu vipaka where dried Shunthi is laghu with madhura vipaka. Fresh and dry are two dravyas and the texts prescribe them differently — this row and `ginger_dry_saunth` are that distinction.,bhavaprakasha,,,,,
asthma,pathya,Ela (Green Cardamom),cardamom_elaichi,prepared,pungent; sweet,laghu; ruksha,cooling,sweet,V-1 P-1 K-1,Shita virya despite katu rasa — the classical exception that makes Ela the aromatic given in Pitta conditions where Maricha and Twak are barred.,bhavaprakasha,,,,,
asthma,pathya,Lasuna (Garlic),garlic,cooked,pungent,guru; snigdha; tikshna,heating,pungent,V-2 P+2 K-2,Rasayana for Vata and the classical Amavata medicine — Lasuna carries five of the six rasas and is prescribed where its katu rasa alone would bar it.,bhavaprakasha,,,,,
asthma,pathya,Maricha (Black Pepper),black_pepper,prepared,pungent,laghu; tikshna; ruksha,heating,pungent,V-1 P+2 K-2,"Vata-kapha hara at culinary dose, where the deepana action dominates the Vata-raising tendency of katu rasa. In quantity the rasa wins — which is why Maricha is classically a pinch and not a spoon.",bhavaprakasha,,,,,
asthma,pathya,Shunthi (Dry Ginger),ginger_dry_saunth,prepared,pungent,laghu; snigdha,heating,sweet,V-2 P+1 K-2,"Madhura vipaka despite katu rasa — the classical exception for Shunthi, and the reason dry ginger nourishes where fresh Ardraka only stimulates. The same action makes it vata-hara where katu rasa alone would raise Vata.",bhavaprakasha,,,,,
asthma,pathya,Shunthi Kwatha (Ginger Tea),ginger_tea,prepared,pungent,laghu; snigdha,heating,sweet,V-2 P+1 K-2,"Made from Shunthi, and carries its exception: madhura vipaka despite katu rasa, and vata-hara where the rasa alone would raise Vata.",bhavaprakasha,,,,,
asthma,pathya,Tulsi Tea,tulsi_tea,prepared,pungent; bitter,laghu; ruksha; tikshna,heating,pungent,V-1 P+1 K-2,"Hridya and Rasayana — Tulsi's specific action carries it past what its katu-tikta rasa alone would do, which is why it is given as a daily drink and Maricha is not.",bhavaprakasha,,,,,
asthma,pathya,Yavani (Ajwain),ajwain,prepared,pungent; bitter,laghu; ruksha; tikshna,heating,pungent,V-2 P+1 K-2,Vata-anulomana and shula-prashamana — the classical carminative. It clears the Anaha through which its own katu-tikta rasa would aggravate Vata.,bhavaprakasha,,,,,
constipation,apathya,Gavar (Cluster Beans),cluster_beans_gavar,cooked,astringent; sweet; bitter,guru; ruksha,cooling,pungent,V+2 P-1 K-1,,bhavaprakasha,,,,,
constipation,apathya,Green Tea,green_tea,prepared,astringent; bitter,laghu; ruksha,heating,pungent,V+1 P+0 K-2,,no — extrapolated,,,,,
constipation,apathya,Jambu (Jamun),jamun,ripe,astringent; sour; sweet,laghu; ruksha,cooling,pungent,V+2 P-1 K-2,"The classical Prameha fruit — Jambu's Kapha-Meda reducing action is the one the texts single it out for, and the seed is used where the fruit is not.",bhavaprakasha,,,,,
constipation,apathya,Jowar (Sorghum),millet_jowar,cooked,sweet; astringent,laghu; ruksha,cooling,pungent,V+1 P-1 K-2,,bhavaprakasha,,,,,
constipation,apathya,Kadali Kanda (Raw Banana),raw_banana,unripe,astringent; sweet,guru; ruksha,cooling,pungent,V+2 P-1 K-1,,bhavaprakasha,,,,,
constipation,apathya,Karavellaka (Bitter Gourd),bitter_gourd_karela,cooked,bitter,laghu; ruksha,heating,pungent,V+1 P-1 K-2,"The Prameha vegetable — Karavellaka's sugar-reducing action is the one the texts single it out for, and it is ushna against a tikta rasa that would cool.",bhavaprakasha,,,,,
constipation,apathya,Masura (Masoor Dal),masoor_dal,cooked,sweet; astringent,laghu; ruksha,heating,pungent,V+1 P+0 K-1,"Grahi — it binds the stool, which is why Masura is given in loose motions and is the legume withheld in constipation.",bhavaprakasha,,,,,
constipation,apathya,Masura (Whole Brown Lentil),lentils_brown,cooked,sweet; astringent,guru; ruksha,heating,pungent,V+2 P+0 K-1,,bhavaprakasha,,,,,
constipation,apathya,Yava (Barley),barley,cooked,sweet; astringent,laghu; ruksha; chala,cooling,pungent,V+1 P-1 K-2,"Medohara and Kapha-hara despite madhura rasa — the textbook Prabhava, and the reason Yava is the grain prescribed in Sthaulya and Prameha while Shali is withheld.",bhavaprakasha,,,,,
constipation,pathya,Akshota (Walnuts),walnuts,raw,sweet; astringent,guru; snigdha,heating,sweet,V-2 P+1 K+1,,bhavaprakasha,,,,,
constipation,pathya,Anjeera (Figs),figs,ripe,sweet,guru; snigdha,cooling,sweet,V-1 P-1 K+1,,bhavaprakasha,,,,,
constipation,pathya,Ardraka (Fresh Ginger),ginger,fresh,pungent,guru; snigdha; tikshna,heating,pungent,V-2 P+1 K-2,Ardraka is guru and snigdha with katu vipaka where dried Shunthi is laghu with madhura vipaka. Fresh and dry are two dravyas and the texts prescribe them differently — this row and `ginger_dry_saunth` are that distinction.,bhavaprakasha,,,,,
constipation,pathya,Atasi (Flax Seeds),flax_seeds,raw,sweet; astringent,guru; snigdha; picchila,heating,pungent,V-2 P+1 K+0,"Ushna virya and katu vipaka against a madhura-kashaya rasa — the classical caution on Atasi, and why it is a Vata-Kapha seed rather than a cooling one.",bhavaprakasha,,,,,
constipation,pathya,Badama (Almonds),almonds,raw,sweet,guru; snigdha,heating,sweet,V-2 P+1 K+2,"Medhya, Balya and Vrishya — the actions that make Badama a Rasayana rather than a fat, and the reason it is soaked and peeled before use.",bhavaprakasha,,,,,
constipation,pathya,Brown Rice,brown_rice,cooked,sweet; astringent,guru; ruksha,cooling,sweet,V+1 P-1 K+0,,bhavaprakasha,,,,,
constipation,pathya,Chia Seeds,chia_seeds,raw,sweet; astringent,guru; picchila; snigdha,cooling,sweet,V-1 P-1 K+0,,no — extrapolated,,,,,
constipation,pathya,Chikoo (Sapota),chikoo_sapota,ripe,sweet,guru; snigdha,cooling,sweet,V-1 P-1 K+2,,no — extrapolated,,,,,
constipation,pathya,Chilgoza (Pine Nuts),pine_nuts,raw,sweet,guru; snigdha,heating,sweet,V-2 P+1 K+1,,bhavaprakasha,,,,,
constipation,pathya,Daliya (Broken Wheat),daliya,cooked,sweet,laghu; snigdha,cooling,sweet,V-1 P-1 K+1,,bhavaprakasha,,,,,
constipation,pathya,Draksha (Grapes),grapes,ripe,sweet,guru; snigdha; mridu,cooling,sweet,V-2 P-2 K+1,"Phalottama — the texts call Draksha the best of fruits and give it in all three Doshas, which no other madhura, guru fruit here earns.",bhavaprakasha,,,,,
constipation,pathya,Eranda-karkati (Papaya),papaya,ripe,sweet,guru; tikshna,heating,pungent,V-1 P+1 K-1,Deepana and Bhedana — the digestive and purgative action that makes papaya a medicine for a sluggish gut and a uterine stimulant in pregnancy. Both come from the same Prabhava.,bhavaprakasha,,,,,
constipation,pathya,Eranda-karkati (Raw Papaya),raw_papaya,unripe,astringent; bitter,laghu; tikshna; ruksha,heating,pungent,V+1 P+1 K-2,"Bhedana and a uterine stimulant — unripe papaya carries the action far more strongly than the ripe fruit, which is the whole basis of the pregnancy bar.",bhavaprakasha,,,,,
constipation,pathya,Flax Milk,flax_milk,prepared,sweet; astringent,guru; snigdha; picchila,heating,pungent,V-1 P+1 K+0,"Atasi is ushna virya and katu vipaka against a madhura-kashaya rasa, and Pitta-vardhaka with it — the classical caution on flax, which is why it is a Vata-Kapha seed and not a cooling one. Cited for the seed; carried to the milk by extrapolation.",no — extrapolated,,,,,
constipation,pathya,Garjara (Carrot),carrot,cooked,sweet; bitter,laghu; ruksha,heating,pungent,V-1 P+1 K-1,"Deepana and Grahi — Garjara is warming and binding, which is why it is a winter root and not the cooling one its madhura rasa suggests.",bhavaprakasha,,,,,
constipation,pathya,Godhuma (Whole Wheat Roti),roti_whole_wheat,cooked,sweet,guru; snigdha; sthira,cooling,sweet,V-2 P-1 K+2,"Brimhana and Jivana — wheat builds tissue, which is the action that makes it Vata's staple and Kapha's burden at the same time.",bhavaprakasha,,,,,
constipation,pathya,Godugdha (Cow's Milk),milk_full_fat,prepared,sweet,guru; snigdha; manda; picchila,cooling,sweet,V-2 P-2 K+2,Ojas-vardhaka and Rasayana — the action that makes milk a therapy rather than a food (Charaka Sutrasthana 27).,bhavaprakasha,,,,,
constipation,pathya,Goghrita (Cow's Ghee),ghee_oil,prepared,sweet,guru; snigdha; mridu,cooling,sweet,V-2 P-2 K+1,"Agni-deepana while being snigdha and guru — the classical exception that makes Ghrita the one fat given to a weak Agni rather than withheld from it (Charaka Sutrasthana 13). Vata-Pitta hara, Ojas-vardhaka.",bhavaprakasha,,,,,
constipation,pathya,Goghrita (Cow's Ghee),ghee,prepared,sweet,guru; snigdha; mridu,cooling,sweet,V-2 P-2 K+1,Agni-deepana while being snigdha and guru — the classical exception that makes Ghrita the one fat given to a weak Agni rather than withheld from it (Charaka Sutrasthana 13). Ojas-vardhaka.,bhavaprakasha,,,,,
constipation,pathya,Jiraka (Cumin),cumin_jeera,prepared,pungent,laghu; ruksha,heating,pungent,V-1 P+1 K-2,"Vata-anulomana. Katu rasa raises Vata by rule; Jiraka relieves it, by kindling Agni and clearing the Anaha through which Vata accumulates. Classically vata-kapha hara.",bhavaprakasha,,,,,
constipation,pathya,Kadali (Banana),banana,ripe,sweet; astringent,guru; snigdha; picchila,cooling,sour,V-1 P+0 K+2,"Amla vipaka against a madhura-kashaya rasa — the classical exception for Kadali, and the reason banana with milk is named Viruddha.",bhavaprakasha,,,,,
constipation,pathya,Kharjura (Dates),dates,ripe,sweet,guru; snigdha; mridu,cooling,sweet,V-2 P-2 K+2,"Brimhana and Balya — Kharjura is the classical convalescent fruit, given to rebuild after depletion where its guru guna would otherwise argue against it.",bhavaprakasha,,,,,
constipation,pathya,Kiwi,kiwi,ripe,sweet; sour,laghu; snigdha,cooling,sour,V-1 P+0 K+0,,no — extrapolated,,,,,
constipation,pathya,Masha (Urad Dal),urad_dal,cooked,sweet,guru; snigdha; picchila,heating,sweet,V-2 P+2 K+2,"Ushna virya and Pitta-vardhaka against a madhura rasa that pacifies Pitta by rule — Masha is Balya and Vrishya, the strength-building legume, and the pole opposite Mudga in this varga. It is the black gram named first in the Amavata Apathya.",bhavaprakasha,,,,,
constipation,pathya,Mastu (Whey),whey,prepared,sour; astringent,laghu; ruksha,heating,sour,V-1 P+0 K-1,"Srotoshodhaka — it clears the channels, which is why the watery part of curd is given where curd itself blocks them.",bhavaprakasha,,,,,
constipation,pathya,Nagaranga (Orange),orange,ripe,sweet; sour,laghu; snigdha,cooling,sweet,V-1 P+0 K+1,,bhavaprakasha,,,,,
constipation,pathya,Nashpati (Pear),pear,ripe,sweet; astringent,guru; ruksha,cooling,sweet,V+1 P-1 K+0,,bhavaprakasha,,,,,
constipation,pathya,Nimbu Jala (Lemon Water),lemon_water,prepared,sour,laghu; ruksha,heating,sour,V-1 P+1 K-1,"Kapha-hara despite amla rasa, which raises Kapha by rule. Nimbu's laghu-ruksha guna and its deepana-lekhana action govern — the reason warm lemon water is the classical morning drink for Ama and not a Kapha-aggravating one.",bhavaprakasha,,,,,
constipation,pathya,Oats Porridge,oats,cooked,sweet; astringent,guru; picchila; snigdha,cooling,sweet,V-1 P-1 K+1,,no — extrapolated,,,,,
constipation,pathya,Palanki (Beetroot),beetroot,cooked,sweet,guru; snigdha,heating,sweet,V-1 P+1 K+1,,bhavaprakasha,,,,,
constipation,pathya,Perukam (Guava),guava,ripe,sweet; sour; astringent,guru; ruksha,cooling,sweet,V+1 P-1 K-1,,bhavaprakasha,,,,,
constipation,pathya,Pineapple,pineapple,ripe,sweet; sour,guru; tikshna,heating,sour,V-1 P+1 K-1,,no — extrapolated,,,,,
constipation,pathya,Ramdana (Amaranth),amaranth,cooked,sweet; astringent,laghu; ruksha,cooling,sweet,V+0 P-1 K-1,,bhavaprakasha,,,,,
constipation,pathya,Shakarkand (Sweet Potato),sweet_potato,cooked,sweet,guru; snigdha,cooling,sweet,V-1 P-1 K+2,,bhavaprakasha,,,,,
constipation,pathya,Tila (Sesame Seeds),sesame_seeds_til,raw,sweet; bitter; astringent,guru; snigdha,heating,pungent,V-2 P+1 K+1,"Balya and Vata-hara, and the Kushtha caution that comes with it — Tila with milk is named Viruddha in the Kushtha Nidana (Charaka Chikitsa 7).",bhavaprakasha,,,,,
constipation,pathya,Tila Taila (Sesame Oil),sesame_oil,prepared,sweet; bitter; astringent,guru; snigdha; tikshna,heating,pungent,V-2 P+1 K+1,"Pitta-vardhaka despite a rasa set that is entirely Pitta-pacifying — the ushna virya governs here, which is why Tila Taila is the Vata oil and not the Pitta one.",bhavaprakasha,,,,,
constipation,pathya,Yavani (Ajwain),ajwain,prepared,pungent; bitter,laghu; ruksha; tikshna,heating,pungent,V-2 P+1 K-2,Vata-anulomana and shula-prashamana — the classical carminative. It clears the Anaha through which its own katu-tikta rasa would aggravate Vata.,bhavaprakasha,,,,,
diabetes,apathya,Aluka (Potato),potato,cooked,sweet,guru; ruksha,cooling,sweet,V+2 P-1 K+1,"Vata-vardhaka despite madhura rasa and against shita virya, which would raise Vata anyway — Aluka is Vatala in the texts, the standard caution on the tuber, and the reason it is cooked with ajwain.",bhavaprakasha,,,,,
diabetes,apathya,Amra (Mango),mango,ripe,sweet,guru; snigdha,heating,sweet,V-2 P+1 K+2,"Ripe Amra is Vrishya and Balya, and ushna despite a purely madhura rasa — the reason it is a summer fruit that nonetheless aggravates Pitta in quantity.",bhavaprakasha,,,,,
diabetes,apathya,Anjeera (Figs),figs,ripe,sweet,guru; snigdha,cooling,sweet,V-1 P-1 K+1,,bhavaprakasha,,,,,
diabetes,apathya,Arbi (Colocasia),colocasia_arbi,cooked,sweet; astringent,guru; picchila,cooling,sweet,V+2 P-1 K+2,,bhavaprakasha,,,,,
diabetes,apathya,Chikoo (Sapota),chikoo_sapota,ripe,sweet,guru; snigdha,cooling,sweet,V-1 P-1 K+2,,no — extrapolated,,,,,
diabetes,apathya,Draksha (Grapes),grapes,ripe,sweet,guru; snigdha; mridu,cooling,sweet,V-2 P-2 K+1,"Phalottama — the texts call Draksha the best of fruits and give it in all three Doshas, which no other madhura, guru fruit here earns.",bhavaprakasha,,,,,
diabetes,apathya,Kadali (Banana),banana,ripe,sweet; astringent,guru; snigdha; picchila,cooling,sour,V-1 P+0 K+2,"Amla vipaka against a madhura-kashaya rasa — the classical exception for Kadali, and the reason banana with milk is named Viruddha.",bhavaprakasha,,,,,
diabetes,apathya,Kalinga (Watermelon),watermelon,ripe,sweet,guru; snigdha; drava,cooling,sweet,V+1 P-2 K+1,"Mutrala — the diuretic action is why Kalinga is given in Grishma and in urinary heat, and why it is not simply a heavy sweet fruit.",bhavaprakasha,,,,,
diabetes,apathya,Kharjura (Dates),dates,ripe,sweet,guru; snigdha; mridu,cooling,sweet,V-2 P-2 K+2,"Brimhana and Balya — Kharjura is the classical convalescent fruit, given to rebuild after depletion where its guru guna would otherwise argue against it.",bhavaprakasha,,,,,
diabetes,apathya,Kushmanda (Pumpkin),pumpkin,cooked,sweet,guru; snigdha,cooling,sweet,V-1 P-2 K+1,"Medhya and Hridya — Kushmanda is the Rasayana gourd, given in mental and cardiac depletion, which is not an action any of its qualities predict.",bhavaprakasha,,,,,
diabetes,apathya,Oat Milk,oat_milk,prepared,sweet,guru; snigdha; picchila,cooling,sweet,V-1 P-1 K+2,,no — extrapolated,,,,,
diabetes,apathya,Palanki (Beetroot),beetroot,cooked,sweet,guru; snigdha,heating,sweet,V-1 P+1 K+1,,bhavaprakasha,,,,,
diabetes,apathya,Panasa (Jackfruit),jackfruit,cooked,sweet; astringent,guru; picchila,cooling,sweet,V-1 P-1 K+2,,bhavaprakasha,,,,,
diabetes,apathya,"Prithuka (Poha, Cooked)",poha,cooked,sweet,laghu; picchila,cooling,sweet,V-1 P-1 K+1,,bhavaprakasha,,,,,
diabetes,apathya,"Prithuka (Rice Flakes, Dry)",rice_flakes,dry,sweet,guru; picchila,cooling,sweet,V-1 P-1 K+2,"Prithuka is guru and Kapha-vardhaka in Bhavaprakasha despite coming from laghu Shali — the flattening and drying change the dravya, so the dry flake and the cooked dish do not share a guna.",bhavaprakasha,,,,,
diabetes,apathya,Rava (Semolina),semolina_rava,cooked,sweet,guru; picchila,cooling,sweet,V-1 P-1 K+2,,bhavaprakasha,,,,,
diabetes,apathya,Sabudana (Tapioca Pearls),sabudana,cooked,sweet,guru; picchila; sthira,cooling,sweet,V-1 P-1 K+2,,no — extrapolated,,,,,
diabetes,apathya,Shakarkand (Sweet Potato),sweet_potato,cooked,sweet,guru; snigdha,cooling,sweet,V-1 P-1 K+2,,bhavaprakasha,,,,,
diabetes,apathya,Shali (Basmati Rice),basmati_rice,cooked,sweet,laghu; snigdha; mridu,cooling,sweet,V-1 P-1 K+1,"Purana Shali — aged rice — is laghu where new rice is guru, which is why the texts specify the age.",bhavaprakasha,,,,,
diabetes,apathya,Upma,upma,cooked,sweet,guru; snigdha,heating,sweet,V-1 P+0 K+1,,no — extrapolated,,,,,
diabetes,apathya,White Rice,white_rice,cooked,sweet,laghu; picchila,cooling,sweet,V-1 P-1 K+2,,bhavaprakasha,,,,,
diabetes,pathya,Amalaki (Amla),amla,ripe,sour; astringent; sweet,laghu; ruksha,cooling,sweet,V-1 P-2 K-1,Amla rasa with shita virya and madhura vipaka — the combination is unique to Amalaki and is why the one sour fruit in the pharmacopoeia is given freely in Pitta. Rasayana and tridoshaghna.,bhavaprakasha,,,,,
diabetes,pathya,Bajra (Pearl Millet),millet_bajra,cooked,sweet; astringent,laghu; ruksha,heating,pungent,V+1 P+1 K-2,"Ushna virya and Pitta-vardhaka against a madhura-kashaya rasa that would pacify Pitta by rule — the classical caution on Bajra, and why it is a winter grain and not a summer one.",bhavaprakasha,,,,,
diabetes,pathya,Black Beans,black_beans,cooked,sweet; astringent,guru; ruksha,cooling,pungent,V+2 P+0 K-1,,no — extrapolated,,,,,
diabetes,pathya,Broccoli,broccoli,cooked,bitter; astringent,laghu; ruksha,cooling,pungent,V+2 P-1 K-1,,no — extrapolated,,,,,
diabetes,pathya,Brown Rice,brown_rice,cooked,sweet; astringent,guru; ruksha,cooling,sweet,V+1 P-1 K+0,,bhavaprakasha,,,,,
diabetes,pathya,Cabbage,cabbage,cooked,astringent; sweet,laghu; ruksha,cooling,pungent,V+2 P-1 K-1,,no — extrapolated,,,,,
diabetes,pathya,Cauliflower,cauliflower,cooked,astringent; sweet,laghu; ruksha,cooling,pungent,V+2 P-1 K-1,,no — extrapolated,,,,,
diabetes,pathya,Chanaka (Chana Dal),chana_dal,cooked,sweet; astringent,laghu; ruksha,cooling,pungent,V+2 P-1 K-1,,bhavaprakasha,,,,,
diabetes,pathya,Chanaka (Kabuli Chana),chhole,cooked,sweet; astringent,guru; ruksha,cooling,pungent,V+2 P-1 K-1,,bhavaprakasha,,,,,
diabetes,pathya,Chanaka Churna (Besan),chickpea_flour_besan,dry,sweet; astringent,laghu; ruksha,cooling,pungent,V+2 P-1 K-1,,bhavaprakasha,,,,,
diabetes,pathya,Chia Seeds,chia_seeds,raw,sweet; astringent,guru; picchila; snigdha,cooling,sweet,V-1 P-1 K+0,,no — extrapolated,,,,,
diabetes,pathya,French Beans,french_beans,cooked,sweet; astringent,laghu; ruksha,cooling,pungent,V+1 P-1 K-1,,no — extrapolated,,,,,
diabetes,pathya,Gavar (Cluster Beans),cluster_beans_gavar,cooked,astringent; sweet; bitter,guru; ruksha,cooling,pungent,V+2 P-1 K-1,,bhavaprakasha,,,,,
diabetes,pathya,Haridra (Turmeric),turmeric,prepared,bitter; pungent,ruksha; laghu,heating,pungent,V+0 P-1 K-2,,bhavaprakasha,,,,,
diabetes,pathya,Jambu (Jamun),jamun,ripe,astringent; sour; sweet,laghu; ruksha,cooling,pungent,V+2 P-1 K-2,"The classical Prameha fruit — Jambu's Kapha-Meda reducing action is the one the texts single it out for, and the seed is used where the fruit is not.",bhavaprakasha,,,,,
diabetes,pathya,Jowar (Sorghum),millet_jowar,cooked,sweet; astringent,laghu; ruksha,cooling,pungent,V+1 P-1 K-2,,bhavaprakasha,,,,,
diabetes,pathya,Kadali Kanda (Raw Banana),raw_banana,unripe,astringent; sweet,guru; ruksha,cooling,pungent,V+2 P-1 K-1,,bhavaprakasha,,,,,
diabetes,pathya,Kalaya (Green Peas),green_peas,cooked,sweet; astringent,guru; ruksha,cooling,pungent,V+2 P-1 K-1,,bhavaprakasha,,,,,
diabetes,pathya,Karavellaka (Bitter Gourd),bitter_gourd_karela,cooked,bitter,laghu; ruksha,heating,pungent,V+1 P-1 K-2,"The Prameha vegetable — Karavellaka's sugar-reducing action is the one the texts single it out for, and it is ushna against a tikta rasa that would cool.",bhavaprakasha,,,,,
diabetes,pathya,Koshataki (Ridge Gourd),ridge_gourd,cooked,sweet; bitter,laghu; ruksha,cooling,pungent,V+1 P-1 K-1,,bhavaprakasha,,,,,
diabetes,pathya,Kuttu (Buckwheat),buckwheat,cooked,sweet; astringent,laghu; ruksha,heating,pungent,V+1 P+1 K-1,Ushna virya and Pitta-vardhaka against a rasa that would pacify Pitta — the reason Kuttu is a Vrata grain for cold months and sits badly in Grishma.,no — extrapolated,,,,,
diabetes,pathya,Methika (Fenugreek Seed),fenugreek_seeds_methi,prepared,bitter; pungent,laghu; snigdha,heating,pungent,V-1 P+1 K-2,Vata-kapha hara — the snigdha guna offsets the ruksha tendency its tikta-katu rasa would otherwise carry into Vata.,bhavaprakasha,,,,,
diabetes,pathya,Methika Patra (Fenugreek Leaves),methi_fenugreek_leaves,cooked,bitter; astringent,laghu; ruksha,heating,pungent,V-1 P+1 K-2,"Deepana and Vata-hara despite a tikta-kashaya rasa that raises Vata by rule — the leaf is warming where the rasa is not, which is why Methi greens are a winter Shaka.",bhavaprakasha,,,,,
diabetes,pathya,Mudga (Sprouted Moong),sprouted_moong,sprouted,sweet; astringent,laghu; ruksha; chala,cooling,pungent,V+2 P-1 K-1,,bhavaprakasha,,,,,
diabetes,pathya,Mudga (Whole Green Gram),moong_dal_green,cooked,sweet; astringent,laghu; ruksha,cooling,pungent,V+1 P-1 K-1,,bhavaprakasha,,,,,
diabetes,pathya,Mudga (Yellow Moong Dal),moong_dal_yellow,cooked,sweet; astringent,laghu; ruksha,cooling,pungent,V+0 P-1 K-1,"Shreshtha among the Shimbi — the one legume the texts call tridoshaghna and prescribe in fever, in convalescence and to a weak Agni, where every other legume in this varga is withheld.",bhavaprakasha,,,,,
diabetes,pathya,Palakya (Palak),palak,cooked,sweet; astringent; bitter,guru; ruksha,cooling,pungent,V+2 P-1 K-1,,bhavaprakasha,,,,,
diabetes,pathya,Palakya (Spinach),spinach,cooked,sweet; astringent; bitter,guru; ruksha,cooling,pungent,V+2 P-1 K-1,,bhavaprakasha,,,,,
diabetes,pathya,Perukam (Guava),guava,ripe,sweet; sour; astringent,guru; ruksha,cooling,sweet,V+1 P-1 K-1,,bhavaprakasha,,,,,
diabetes,pathya,Quinoa,quinoa,cooked,sweet; astringent,laghu; ruksha,cooling,sweet,V+0 P-1 K-1,,no — extrapolated,,,,,
diabetes,pathya,Rajamasha (Black-Eyed Peas),black_eyed_peas,cooked,sweet; astringent,guru; ruksha,cooling,pungent,V+2 P-1 K-1,,bhavaprakasha,,,,,
diabetes,pathya,Rajma (Kidney Beans),rajma,cooked,sweet; astringent,guru; ruksha; sthira,cooling,pungent,V+2 P-1 K-1,,no — extrapolated,,,,,
diabetes,pathya,Ramdana (Amaranth),amaranth,cooked,sweet; astringent,laghu; ruksha,cooling,sweet,V+0 P-1 K-1,,bhavaprakasha,,,,,
diabetes,pathya,"Seva (Apple, Raw)",apple,raw,sweet; astringent,guru; ruksha,cooling,sweet,V+1 P-1 K+0,,bhavaprakasha,,,,,
diabetes,pathya,Shigru (Drumstick / Moringa),drumstick_moringa,cooked,pungent; bitter,laghu; ruksha; tikshna,heating,pungent,V-1 P+1 K-2,"Shothahara and Krimighna — Shigru is the anti-inflammatory Shaka, given in Amavata and in Shotha where a katu-tikta vegetable would otherwise be avoided for Vata.",bhavaprakasha,,,,,
diabetes,pathya,Tindora (Ivy Gourd),ivy_gourd_tindora,cooked,bitter; astringent,laghu; ruksha,cooling,pungent,V+1 P-1 K-1,,bhavaprakasha,,,,,
diabetes,pathya,Twak (Cinnamon),cinnamon_dalchini,prepared,pungent; bitter; sweet,laghu; ruksha; tikshna,heating,pungent,V-1 P+1 K-2,,bhavaprakasha,,,,,
diabetes,pathya,Yava (Barley),barley,cooked,sweet; astringent,laghu; ruksha; chala,cooling,pungent,V+1 P-1 K-2,"Medohara and Kapha-hara despite madhura rasa — the textbook Prabhava, and the reason Yava is the grain prescribed in Sthaulya and Prameha while Shali is withheld.",bhavaprakasha,,,,,
fatty_liver,apathya,Coconut Cream,coconut_cream,prepared,sweet,guru; snigdha; picchila,cooling,sweet,V-2 P-2 K+2,,bhavaprakasha,,,,,
fatty_liver,apathya,Godhuma (Whole Wheat Roti),roti_whole_wheat,cooked,sweet,guru; snigdha; sthira,cooling,sweet,V-2 P-1 K+2,"Brimhana and Jivana — wheat builds tissue, which is the action that makes it Vata's staple and Kapha's burden at the same time.",bhavaprakasha,,,,,
fatty_liver,apathya,Godugdha (Cow's Milk),milk_full_fat,prepared,sweet,guru; snigdha; manda; picchila,cooling,sweet,V-2 P-2 K+2,Ojas-vardhaka and Rasayana — the action that makes milk a therapy rather than a food (Charaka Sutrasthana 27).,bhavaprakasha,,,,,
fatty_liver,apathya,Goghrita (Cow's Ghee),ghee_oil,prepared,sweet,guru; snigdha; mridu,cooling,sweet,V-2 P-2 K+1,"Agni-deepana while being snigdha and guru — the classical exception that makes Ghrita the one fat given to a weak Agni rather than withheld from it (Charaka Sutrasthana 13). Vata-Pitta hara, Ojas-vardhaka.",bhavaprakasha,,,,,
fatty_liver,apathya,Goghrita (Cow's Ghee),ghee,prepared,sweet,guru; snigdha; mridu,cooling,sweet,V-2 P-2 K+1,Agni-deepana while being snigdha and guru — the classical exception that makes Ghrita the one fat given to a weak Agni rather than withheld from it (Charaka Sutrasthana 13). Ojas-vardhaka.,bhavaprakasha,,,,,
fatty_liver,apathya,Lassi (Sweetened Takra),lassi,prepared,sweet; sour,guru; snigdha,cooling,sweet,V-1 P-1 K+2,"Sweetening and thickening reverse Takra's action: sweet Lassi is guru and Kapha-vardhaka where the Takra it is made from is laghu and Kapha-hara. The preparation, not the milk, decides.",bhavaprakasha,,,,,
fatty_liver,apathya,Navanita (Fresh Butter),butter,prepared,sweet; astringent,guru; snigdha; mridu,cooling,sweet,V-2 P-1 K+1,"Fresh Navanita is deepana and grahi where aged butter is neither — the classical distinction, and why it is given in Arsha and Grahani.",bhavaprakasha,,,,,
fatty_liver,apathya,Paratha,paratha,cooked,sweet,guru; snigdha; sthira,heating,sweet,V-2 P+1 K+2,"Pitta-vardhaka against a madhura rasa that pacifies Pitta by rule. The preparation decides: sneha taken to griddle heat turns the virya ushna, which is Vidahi — the same reason fried food is the first Apathya named in Amlapitta.",no — extrapolated,,,,,
fatty_liver,apathya,Sabudana (Tapioca Pearls),sabudana,cooked,sweet,guru; picchila; sthira,cooling,sweet,V-1 P-1 K+2,,no — extrapolated,,,,,
fatty_liver,apathya,Santanika (Cream),cream,prepared,sweet,guru; snigdha; picchila,cooling,sweet,V-2 P-1 K+2,,bhavaprakasha,,,,,
fatty_liver,apathya,White Rice,white_rice,cooked,sweet,laghu; picchila,cooling,sweet,V-1 P-1 K+2,,bhavaprakasha,,,,,
fatty_liver,pathya,Alabu (Bottle Gourd),bottle_gourd,cooked,sweet,laghu; snigdha; drava,cooling,sweet,V+0 P-2 K-1,"Laghu and Mutrala where a madhura, snigdha dravya would be neither — which is why Alabu is the gourd given in fever, in convalescence and to a weak Agni.",bhavaprakasha,,,,,
fatty_liver,pathya,Green Tea,green_tea,prepared,astringent; bitter,laghu; ruksha,heating,pungent,V+1 P+0 K-2,,no — extrapolated,,,,,
fatty_liver,pathya,Karavellaka (Bitter Gourd),bitter_gourd_karela,cooked,bitter,laghu; ruksha,heating,pungent,V+1 P-1 K-2,"The Prameha vegetable — Karavellaka's sugar-reducing action is the one the texts single it out for, and it is ushna against a tikta rasa that would cool.",bhavaprakasha,,,,,
fatty_liver,pathya,Koshataki (Ridge Gourd),ridge_gourd,cooked,sweet; bitter,laghu; ruksha,cooling,pungent,V+1 P-1 K-1,,bhavaprakasha,,,,,
fatty_liver,pathya,Mastu (Whey),whey,prepared,sour; astringent,laghu; ruksha,heating,sour,V-1 P+0 K-1,"Srotoshodhaka — it clears the channels, which is why the watery part of curd is given where curd itself blocks them.",bhavaprakasha,,,,,
fatty_liver,pathya,Mosambi (Sweet Lime),mosambi_sweet_lime,ripe,sweet; sour,laghu; snigdha,cooling,sweet,V-1 P-1 K+1,,bhavaprakasha,,,,,
fatty_liver,pathya,Takra (Buttermilk),buttermilk_chaas,prepared,sour; astringent,laghu; ruksha,heating,sour,V-1 P+0 K-1,"Grahi and deepana — the classical Grahani medicine, and the reason Takra is prescribed where Dadhi, made from the same milk, is withheld (Charaka Chikitsa 15).",bhavaprakasha,,,,,
grahani,pathya,Kadali Kanda (Raw Banana),raw_banana,unripe,astringent; sweet,guru; ruksha,cooling,pungent,V+2 P-1 K-1,,bhavaprakasha,indicated_in_grahani_but_ruksha_vata_raising,"ruksha and Vata-raising; defensible through Grahi action, but no Prabhava states it",,,
grahani,apathya,Black Beans,black_beans,cooked,sweet; astringent,guru; ruksha,cooling,pungent,V+2 P+0 K-1,,no — extrapolated,,,,,
grahani,apathya,Broccoli,broccoli,cooked,bitter; astringent,laghu; ruksha,cooling,pungent,V+2 P-1 K-1,,no — extrapolated,,,,,
grahani,apathya,Brown Rice,brown_rice,cooked,sweet; astringent,guru; ruksha,cooling,sweet,V+1 P-1 K+0,,bhavaprakasha,,,,,
grahani,apathya,Cabbage,cabbage,cooked,astringent; sweet,laghu; ruksha,cooling,pungent,V+2 P-1 K-1,,no — extrapolated,,,,,
grahani,apathya,Cauliflower,cauliflower,cooked,astringent; sweet,laghu; ruksha,cooling,pungent,V+2 P-1 K-1,,no — extrapolated,,,,,
grahani,apathya,Chanaka (Chana Dal),chana_dal,cooked,sweet; astringent,laghu; ruksha,cooling,pungent,V+2 P-1 K-1,,bhavaprakasha,,,,,
grahani,apathya,Chanaka (Kabuli Chana),chhole,cooked,sweet; astringent,guru; ruksha,cooling,pungent,V+2 P-1 K-1,,bhavaprakasha,,,,,
grahani,apathya,Chanaka Churna (Besan),chickpea_flour_besan,dry,sweet; astringent,laghu; ruksha,cooling,pungent,V+2 P-1 K-1,,bhavaprakasha,,,,,
grahani,apathya,French Beans,french_beans,cooked,sweet; astringent,laghu; ruksha,cooling,pungent,V+1 P-1 K-1,,no — extrapolated,,,,,
grahani,apathya,Gavar (Cluster Beans),cluster_beans_gavar,cooked,astringent; sweet; bitter,guru; ruksha,cooling,pungent,V+2 P-1 K-1,,bhavaprakasha,,,,,
grahani,apathya,Kalaya (Green Peas),green_peas,cooked,sweet; astringent,guru; ruksha,cooling,pungent,V+2 P-1 K-1,,bhavaprakasha,,,,,
grahani,apathya,Kidney Beans,kidney_beans,cooked,sweet; astringent,guru; ruksha; sthira,cooling,pungent,V+2 P-1 K-1,,no — extrapolated,,,,,
grahani,apathya,Makka (Sweet Corn),corn,cooked,sweet; astringent,guru; ruksha,heating,pungent,V+1 P+1 K-1,"Ushna despite madhura rasa, and guru while ruksha — the combination that makes Makka hard on Vata and on a weak Agni both.",bhavaprakasha,,,,,
grahani,apathya,Makka (Sweet Corn),corn_sweet,cooked,sweet; astringent,guru; ruksha,heating,pungent,V+1 P+1 K-1,,bhavaprakasha,,,,,
grahani,apathya,Mudga (Sprouted Moong),sprouted_moong,sprouted,sweet; astringent,laghu; ruksha; chala,cooling,pungent,V+2 P-1 K-1,,bhavaprakasha,,,,,
grahani,apathya,Nashpati (Pear),pear,ripe,sweet; astringent,guru; ruksha,cooling,sweet,V+1 P-1 K+0,,bhavaprakasha,,,,,
grahani,apathya,Panasa (Jackfruit),jackfruit,cooked,sweet; astringent,guru; picchila,cooling,sweet,V-1 P-1 K+2,,bhavaprakasha,,,,,
grahani,apathya,Perukam (Guava),guava,ripe,sweet; sour; astringent,guru; ruksha,cooling,sweet,V+1 P-1 K-1,,bhavaprakasha,,,,,
grahani,apathya,Rajamasha (Black-Eyed Peas),black_eyed_peas,cooked,sweet; astringent,guru; ruksha,cooling,pungent,V+2 P-1 K-1,,bhavaprakasha,,,,,
grahani,apathya,Rajma (Kidney Beans),rajma,cooked,sweet; astringent,guru; ruksha; sthira,cooling,pungent,V+2 P-1 K-1,,no — extrapolated,,,,,
grahani,apathya,"Seva (Apple, Raw)",apple,raw,sweet; astringent,guru; ruksha,cooling,sweet,V+1 P-1 K+0,,bhavaprakasha,,,,,
grahani,apathya,Trapusha (Cucumber),cucumber,raw,sweet,guru; snigdha; drava,cooling,sweet,V+1 P-2 K+1,,bhavaprakasha,,,,,
grahani,pathya,Ardraka (Fresh Ginger),ginger,fresh,pungent,guru; snigdha; tikshna,heating,pungent,V-2 P+1 K-2,Ardraka is guru and snigdha with katu vipaka where dried Shunthi is laghu with madhura vipaka. Fresh and dry are two dravyas and the texts prescribe them differently — this row and `ginger_dry_saunth` are that distinction.,bhavaprakasha,,,,,
grahani,pathya,Dadhi (Curd),curd_yogurt,prepared,sour; sweet,guru; snigdha; picchila,heating,sour,V-1 P+2 K+2,,bhavaprakasha,,,,,
grahani,pathya,Dadima (Pomegranate),pomegranate,ripe,sweet; sour; astringent,laghu; snigdha,cooling,sweet,V-1 P-1 K-1,"Tridoshaghna and Hridya — the sweet Dadima is one of the few fruits the texts give to all three Doshas, and the one prescribed in Grahani and in convalescence.",bhavaprakasha,,,,,
grahani,pathya,Daliya (Broken Wheat),daliya,cooked,sweet,laghu; snigdha,cooling,sweet,V-1 P-1 K+1,,bhavaprakasha,,,,,
grahani,pathya,Eranda-karkati (Papaya),papaya,ripe,sweet,guru; tikshna,heating,pungent,V-1 P+1 K-1,Deepana and Bhedana — the digestive and purgative action that makes papaya a medicine for a sluggish gut and a uterine stimulant in pregnancy. Both come from the same Prabhava.,bhavaprakasha,,,,,
grahani,pathya,Eranda-karkati (Raw Papaya),raw_papaya,unripe,astringent; bitter,laghu; tikshna; ruksha,heating,pungent,V+1 P+1 K-2,"Bhedana and a uterine stimulant — unripe papaya carries the action far more strongly than the ripe fruit, which is the whole basis of the pregnancy bar.",bhavaprakasha,,,,,
grahani,pathya,Garjara (Carrot),carrot,cooked,sweet; bitter,laghu; ruksha,heating,pungent,V-1 P+1 K-1,"Deepana and Grahi — Garjara is warming and binding, which is why it is a winter root and not the cooling one its madhura rasa suggests.",bhavaprakasha,,,,,
grahani,pathya,Jambu (Jamun),jamun,ripe,astringent; sour; sweet,laghu; ruksha,cooling,pungent,V+2 P-1 K-2,"The classical Prameha fruit — Jambu's Kapha-Meda reducing action is the one the texts single it out for, and the seed is used where the fruit is not.",bhavaprakasha,,,,,
grahani,pathya,Jiraka (Cumin),cumin_jeera,prepared,pungent,laghu; ruksha,heating,pungent,V-1 P+1 K-2,"Vata-anulomana. Katu rasa raises Vata by rule; Jiraka relieves it, by kindling Agni and clearing the Anaha through which Vata accumulates. Classically vata-kapha hara.",bhavaprakasha,,,,,
grahani,pathya,Masura (Masoor Dal),masoor_dal,cooked,sweet; astringent,laghu; ruksha,heating,pungent,V+1 P+0 K-1,"Grahi — it binds the stool, which is why Masura is given in loose motions and is the legume withheld in constipation.",bhavaprakasha,,,,,
grahani,pathya,Mishreya (Fennel),fennel_saunf,prepared,sweet; bitter; pungent,laghu; snigdha,heating,sweet,V-1 P-1 K+0,,bhavaprakasha,,,,,
grahani,pathya,Mudga (Yellow Moong Dal),moong_dal_yellow,cooked,sweet; astringent,laghu; ruksha,cooling,pungent,V+0 P-1 K-1,"Shreshtha among the Shimbi — the one legume the texts call tridoshaghna and prescribe in fever, in convalescence and to a weak Agni, where every other legume in this varga is withheld.",bhavaprakasha,,,,,
grahani,pathya,Navanita (Fresh Butter),butter,prepared,sweet; astringent,guru; snigdha; mridu,cooling,sweet,V-2 P-1 K+1,"Fresh Navanita is deepana and grahi where aged butter is neither — the classical distinction, and why it is given in Arsha and Grahani.",bhavaprakasha,,,,,
grahani,pathya,"Prithuka (Poha, Cooked)",poha,cooked,sweet,laghu; picchila,cooling,sweet,V-1 P-1 K+1,,bhavaprakasha,,,,,
grahani,pathya,Shali (Basmati Rice),basmati_rice,cooked,sweet,laghu; snigdha; mridu,cooling,sweet,V-1 P-1 K+1,"Purana Shali — aged rice — is laghu where new rice is guru, which is why the texts specify the age.",bhavaprakasha,,,,,
grahani,pathya,Shunthi (Dry Ginger),ginger_dry_saunth,prepared,pungent,laghu; snigdha,heating,sweet,V-2 P+1 K-2,"Madhura vipaka despite katu rasa — the classical exception for Shunthi, and the reason dry ginger nourishes where fresh Ardraka only stimulates. The same action makes it vata-hara where katu rasa alone would raise Vata.",bhavaprakasha,,,,,
grahani,pathya,Shunthi Kwatha (Ginger Tea),ginger_tea,prepared,pungent,laghu; snigdha,heating,sweet,V-2 P+1 K-2,"Made from Shunthi, and carries its exception: madhura vipaka despite katu rasa, and vata-hara where the rasa alone would raise Vata.",bhavaprakasha,,,,,
grahani,pathya,Takra (Buttermilk),buttermilk_chaas,prepared,sour; astringent,laghu; ruksha,heating,sour,V-1 P+0 K-1,"Grahi and deepana — the classical Grahani medicine, and the reason Takra is prescribed where Dadhi, made from the same milk, is withheld (Charaka Chikitsa 15).",bhavaprakasha,,,,,
grahani,pathya,White Rice,white_rice,cooked,sweet,laghu; picchila,cooling,sweet,V-1 P-1 K+2,,bhavaprakasha,,,,,
grahani,pathya,Yavani (Ajwain),ajwain,prepared,pungent; bitter,laghu; ruksha; tikshna,heating,pungent,V-2 P+1 K-2,Vata-anulomana and shula-prashamana — the classical carminative. It clears the Anaha through which its own katu-tikta rasa would aggravate Vata.,bhavaprakasha,,,,,
high_cholesterol,pathya,Akshota (Walnuts),walnuts,raw,sweet; astringent,guru; snigdha,heating,sweet,V-2 P+1 K+1,,bhavaprakasha,indicated_in_kapha_condition_but_kapha_building,"guru and Kapha-raising, with no Prabhava stating why it is given",,,
high_cholesterol,pathya,Hemp Seeds,hemp_seeds,raw,sweet; astringent,guru; snigdha,heating,sweet,V-1 P+1 K+1,,no — extrapolated,indicated_in_kapha_condition_but_kapha_building,"guru and Kapha-raising, with no Prabhava stating why it is given",,,
high_cholesterol,pathya,Oats Porridge,oats,cooked,sweet; astringent,guru; picchila; snigdha,cooling,sweet,V-1 P-1 K+1,,no — extrapolated,indicated_in_kapha_condition_but_kapha_building,"guru and Kapha-raising, with no Prabhava stating why it is given",,,
high_cholesterol,pathya,Olive Oil,olive_oil,prepared,sweet; astringent,guru; snigdha,cooling,sweet,V-1 P-1 K+1,,no — extrapolated,indicated_in_kapha_condition_but_kapha_building,"guru and Kapha-raising, with no Prabhava stating why it is given",,,
high_cholesterol,pathya,Sunflower Seeds,sunflower_seeds,raw,sweet,guru; snigdha,heating,sweet,V-1 P+1 K+1,,no — extrapolated,indicated_in_kapha_condition_but_kapha_building,"guru and Kapha-raising, with no Prabhava stating why it is given",,,
high_cholesterol,apathya,Badama (Almonds),almonds,raw,sweet,guru; snigdha,heating,sweet,V-2 P+1 K+2,"Medhya, Balya and Vrishya — the actions that make Badama a Rasayana rather than a fat, and the reason it is soaked and peeled before use.",bhavaprakasha,,,,,
high_cholesterol,apathya,Cashew Cream,cashew_cream,prepared,sweet,guru; snigdha,heating,sweet,V-2 P+1 K+2,"Pitta-vardhaka despite madhura rasa — Kaju is ushna virya, the one sweet nut the texts warn against in Pitta, and blending it into a cream concentrates rather than tempers that.",no — extrapolated,,,,,
high_cholesterol,apathya,Coconut Cream,coconut_cream,prepared,sweet,guru; snigdha; picchila,cooling,sweet,V-2 P-2 K+2,,bhavaprakasha,,,,,
high_cholesterol,apathya,Goghrita (Cow's Ghee),ghee_oil,prepared,sweet,guru; snigdha; mridu,cooling,sweet,V-2 P-2 K+1,"Agni-deepana while being snigdha and guru — the classical exception that makes Ghrita the one fat given to a weak Agni rather than withheld from it (Charaka Sutrasthana 13). Vata-Pitta hara, Ojas-vardhaka.",bhavaprakasha,,,,,
high_cholesterol,apathya,Goghrita (Cow's Ghee),ghee,prepared,sweet,guru; snigdha; mridu,cooling,sweet,V-2 P-2 K+1,Agni-deepana while being snigdha and guru — the classical exception that makes Ghrita the one fat given to a weak Agni rather than withheld from it (Charaka Sutrasthana 13). Ojas-vardhaka.,bhavaprakasha,,,,,
high_cholesterol,apathya,Kaju (Cashews),cashews,raw,sweet,guru; snigdha,heating,sweet,V-2 P+2 K+2,The one sweet nut the texts warn against in Pitta — Kaju is ushna and Vidahi where its madhura rasa says it should cool.,bhavaprakasha,,,,,
high_cholesterol,apathya,Kilata (Paneer),paneer,prepared,sweet,guru; snigdha; picchila,cooling,sweet,V-1 P-1 K+2,,bhavaprakasha,,,,,
high_cholesterol,apathya,Mandapi (Peanuts),peanuts,raw,sweet; astringent,guru; snigdha,heating,sweet,V-1 P+2 K+2,"Ushna and Vidahi against a madhura rasa — the peanut heats and burns where its rasa says it should cool, which is the classical caution and the reason it is withheld in Amlapitta and Kushtha.",bhavaprakasha,,,,,
high_cholesterol,apathya,Mandapi (Roasted Peanuts),peanuts_roasted,roasted,sweet; astringent,guru; ruksha; tikshna,heating,sweet,V-1 P+2 K+1,"Roasting turns Mandapi ruksha and more Vidahi than the raw seed — the same dravya, a sharper one, and the reason roasted peanuts sit worse in Amlapitta than boiled ones.",bhavaprakasha,,,,,
high_cholesterol,apathya,Masha (Urad Dal),urad_dal,cooked,sweet,guru; snigdha; picchila,heating,sweet,V-2 P+2 K+2,"Ushna virya and Pitta-vardhaka against a madhura rasa that pacifies Pitta by rule — Masha is Balya and Vrishya, the strength-building legume, and the pole opposite Mudga in this varga. It is the black gram named first in the Amavata Apathya.",bhavaprakasha,,,,,
high_cholesterol,apathya,Narikela (Fresh Coconut),coconut,ripe,sweet,guru; snigdha,cooling,sweet,V-1 P-2 K+2,,bhavaprakasha,,,,,
high_cholesterol,apathya,Narikela Ksheera (Coconut Milk),coconut_milk,prepared,sweet,guru; snigdha,cooling,sweet,V-1 P-2 K+2,,bhavaprakasha,,,,,
high_cholesterol,apathya,Narikela Taila (Coconut Oil),coconut_oil,prepared,sweet,guru; snigdha; manda,cooling,sweet,V-1 P-2 K+1,,bhavaprakasha,,,,,
high_cholesterol,apathya,Navanita (Fresh Butter),butter,prepared,sweet; astringent,guru; snigdha; mridu,cooling,sweet,V-2 P-1 K+1,"Fresh Navanita is deepana and grahi where aged butter is neither — the classical distinction, and why it is given in Arsha and Grahani.",bhavaprakasha,,,,,
high_cholesterol,apathya,Paratha,paratha,cooked,sweet,guru; snigdha; sthira,heating,sweet,V-2 P+1 K+2,"Pitta-vardhaka against a madhura rasa that pacifies Pitta by rule. The preparation decides: sneha taken to griddle heat turns the virya ushna, which is Vidahi — the same reason fried food is the first Apathya named in Amlapitta.",no — extrapolated,,,,,
high_cholesterol,apathya,Santanika (Cream),cream,prepared,sweet,guru; snigdha; picchila,cooling,sweet,V-2 P-1 K+2,,bhavaprakasha,,,,,
high_cholesterol,pathya,Adhaki (Toor Dal),toor_dal,cooked,sweet; astringent,laghu; ruksha,cooling,pungent,V+1 P-1 K-1,,bhavaprakasha,,,,,
high_cholesterol,pathya,Amalaki (Amla),amla,ripe,sour; astringent; sweet,laghu; ruksha,cooling,sweet,V-1 P-2 K-1,Amla rasa with shita virya and madhura vipaka — the combination is unique to Amalaki and is why the one sour fruit in the pharmacopoeia is given freely in Pitta. Rasayana and tridoshaghna.,bhavaprakasha,,,,,
high_cholesterol,pathya,Atasi (Flax Seeds),flax_seeds,raw,sweet; astringent,guru; snigdha; picchila,heating,pungent,V-2 P+1 K+0,"Ushna virya and katu vipaka against a madhura-kashaya rasa — the classical caution on Atasi, and why it is a Vata-Kapha seed rather than a cooling one.",bhavaprakasha,,,,,
high_cholesterol,pathya,Black Beans,black_beans,cooked,sweet; astringent,guru; ruksha,cooling,pungent,V+2 P+0 K-1,,no — extrapolated,,,,,
high_cholesterol,pathya,Broccoli,broccoli,cooked,bitter; astringent,laghu; ruksha,cooling,pungent,V+2 P-1 K-1,,no — extrapolated,,,,,
high_cholesterol,pathya,Brown Rice,brown_rice,cooked,sweet; astringent,guru; ruksha,cooling,sweet,V+1 P-1 K+0,,bhavaprakasha,,,,,
high_cholesterol,pathya,Chanaka (Chana Dal),chana_dal,cooked,sweet; astringent,laghu; ruksha,cooling,pungent,V+2 P-1 K-1,,bhavaprakasha,,,,,
high_cholesterol,pathya,Chia Seeds,chia_seeds,raw,sweet; astringent,guru; picchila; snigdha,cooling,sweet,V-1 P-1 K+0,,no — extrapolated,,,,,
high_cholesterol,pathya,Flax Milk,flax_milk,prepared,sweet; astringent,guru; snigdha; picchila,heating,pungent,V-1 P+1 K+0,"Atasi is ushna virya and katu vipaka against a madhura-kashaya rasa, and Pitta-vardhaka with it — the classical caution on flax, which is why it is a Vata-Kapha seed and not a cooling one. Cited for the seed; carried to the milk by extrapolation.",no — extrapolated,,,,,
high_cholesterol,pathya,Gavar (Cluster Beans),cluster_beans_gavar,cooked,astringent; sweet; bitter,guru; ruksha,cooling,pungent,V+2 P-1 K-1,,bhavaprakasha,,,,,
high_cholesterol,pathya,Green Tea,green_tea,prepared,astringent; bitter,laghu; ruksha,heating,pungent,V+1 P+0 K-2,,no — extrapolated,,,,,
high_cholesterol,pathya,Haridra (Turmeric),turmeric,prepared,bitter; pungent,ruksha; laghu,heating,pungent,V+0 P-1 K-2,,bhavaprakasha,,,,,
high_cholesterol,pathya,Jambu (Jamun),jamun,ripe,astringent; sour; sweet,laghu; ruksha,cooling,pungent,V+2 P-1 K-2,"The classical Prameha fruit — Jambu's Kapha-Meda reducing action is the one the texts single it out for, and the seed is used where the fruit is not.",bhavaprakasha,,,,,
high_cholesterol,pathya,Jowar (Sorghum),millet_jowar,cooked,sweet; astringent,laghu; ruksha,cooling,pungent,V+1 P-1 K-2,,bhavaprakasha,,,,,
high_cholesterol,pathya,Karavellaka (Bitter Gourd),bitter_gourd_karela,cooked,bitter,laghu; ruksha,heating,pungent,V+1 P-1 K-2,"The Prameha vegetable — Karavellaka's sugar-reducing action is the one the texts single it out for, and it is ushna against a tikta rasa that would cool.",bhavaprakasha,,,,,
high_cholesterol,pathya,Lasuna (Garlic),garlic,cooked,pungent,guru; snigdha; tikshna,heating,pungent,V-2 P+2 K-2,Rasayana for Vata and the classical Amavata medicine — Lasuna carries five of the six rasas and is prescribed where its katu rasa alone would bar it.,bhavaprakasha,,,,,
high_cholesterol,pathya,Methika (Fenugreek Seed),fenugreek_seeds_methi,prepared,bitter; pungent,laghu; snigdha,heating,pungent,V-1 P+1 K-2,Vata-kapha hara — the snigdha guna offsets the ruksha tendency its tikta-katu rasa would otherwise carry into Vata.,bhavaprakasha,,,,,
high_cholesterol,pathya,Methika Patra (Fenugreek Leaves),methi_fenugreek_leaves,cooked,bitter; astringent,laghu; ruksha,heating,pungent,V-1 P+1 K-2,"Deepana and Vata-hara despite a tikta-kashaya rasa that raises Vata by rule — the leaf is warming where the rasa is not, which is why Methi greens are a winter Shaka.",bhavaprakasha,,,,,
high_cholesterol,pathya,Mudga (Whole Green Gram),moong_dal_green,cooked,sweet; astringent,laghu; ruksha,cooling,pungent,V+1 P-1 K-1,,bhavaprakasha,,,,,
high_cholesterol,pathya,Nashpati (Pear),pear,ripe,sweet; astringent,guru; ruksha,cooling,sweet,V+1 P-1 K+0,,bhavaprakasha,,,,,
high_cholesterol,pathya,Palandu (Onion),onion,cooked,pungent; sweet,guru; snigdha; tikshna,heating,pungent,V-1 P+2 K-1,,bhavaprakasha,,,,,
high_cholesterol,pathya,Perukam (Guava),guava,ripe,sweet; sour; astringent,guru; ruksha,cooling,sweet,V+1 P-1 K-1,,bhavaprakasha,,,,,
high_cholesterol,pathya,Quinoa,quinoa,cooked,sweet; astringent,laghu; ruksha,cooling,sweet,V+0 P-1 K-1,,no — extrapolated,,,,,
high_cholesterol,pathya,"Seva (Apple, Raw)",apple,raw,sweet; astringent,guru; ruksha,cooling,sweet,V+1 P-1 K+0,,bhavaprakasha,,,,,
high_cholesterol,pathya,Strawberry,strawberry,ripe,sweet; sour,laghu; snigdha,cooling,sour,V-1 P-1 K+0,,no — extrapolated,,,,,
high_cholesterol,pathya,Yava (Barley),barley,cooked,sweet; astringent,laghu; ruksha; chala,cooling,pungent,V+1 P-1 K-2,"Medohara and Kapha-hara despite madhura rasa — the textbook Prabhava, and the reason Yava is the grain prescribed in Sthaulya and Prameha while Shali is withheld.",bhavaprakasha,,,,,
hypertension,apathya,Pistachios,pistachios,raw,sweet,guru; snigdha,heating,sweet,V-2 P+1 K+2,,bhavaprakasha,,,,,
hypertension,pathya,Alabu (Bottle Gourd),bottle_gourd,cooked,sweet,laghu; snigdha; drava,cooling,sweet,V+0 P-2 K-1,"Laghu and Mutrala where a madhura, snigdha dravya would be neither — which is why Alabu is the gourd given in fever, in convalescence and to a weak Agni.",bhavaprakasha,,,,,
hypertension,pathya,Dadima (Pomegranate),pomegranate,ripe,sweet; sour; astringent,laghu; snigdha,cooling,sweet,V-1 P-1 K-1,"Tridoshaghna and Hridya — the sweet Dadima is one of the few fruits the texts give to all three Doshas, and the one prescribed in Grahani and in convalescence.",bhavaprakasha,,,,,
hypertension,pathya,Kadali (Banana),banana,ripe,sweet; astringent,guru; snigdha; picchila,cooling,sour,V-1 P+0 K+2,"Amla vipaka against a madhura-kashaya rasa — the classical exception for Kadali, and the reason banana with milk is named Viruddha.",bhavaprakasha,,,,,
hypertension,pathya,Olive Oil,olive_oil,prepared,sweet; astringent,guru; snigdha,cooling,sweet,V-1 P-1 K+1,,no — extrapolated,,,,,
hypertension,pathya,Palandu (Onion),onion,cooked,pungent; sweet,guru; snigdha; tikshna,heating,pungent,V-1 P+2 K-1,,bhavaprakasha,,,,,
hypertension,pathya,Palanki (Beetroot),beetroot,cooked,sweet,guru; snigdha,heating,sweet,V-1 P+1 K+1,,bhavaprakasha,,,,,
hypertension,pathya,Trapusha (Cucumber),cucumber,raw,sweet,guru; snigdha; drava,cooling,sweet,V+1 P-2 K+1,,bhavaprakasha,,,,,
hypothyroid,apathya,Broccoli,broccoli,cooked,bitter; astringent,laghu; ruksha,cooling,pungent,V+2 P-1 K-1,,no — extrapolated,withheld_in_kapha_condition_but_kapha_reducing,"laghu and Kapha-reducing, so the classical profile does not explain the restriction",,,
hypothyroid,apathya,Cabbage,cabbage,cooked,astringent; sweet,laghu; ruksha,cooling,pungent,V+2 P-1 K-1,,no — extrapolated,withheld_in_kapha_condition_but_kapha_reducing,"laghu and Kapha-reducing, so the classical profile does not explain the restriction",,,
hypothyroid,apathya,Cauliflower,cauliflower,cooked,astringent; sweet,laghu; ruksha,cooling,pungent,V+2 P-1 K-1,,no — extrapolated,withheld_in_kapha_condition_but_kapha_reducing,"laghu and Kapha-reducing, so the classical profile does not explain the restriction",,,
hypothyroid,apathya,Almond Milk,almond_milk,prepared,sweet,laghu; snigdha,cooling,sweet,V-1 P-1 K+1,,no — extrapolated,,,,,
hypothyroid,apathya,Chikoo (Sapota),chikoo_sapota,ripe,sweet,guru; snigdha,cooling,sweet,V-1 P-1 K+2,,no — extrapolated,,,,,
hypothyroid,apathya,Coconut Cream,coconut_cream,prepared,sweet,guru; snigdha; picchila,cooling,sweet,V-2 P-2 K+2,,bhavaprakasha,,,,,
hypothyroid,apathya,Cottage Cheese,cottage_cheese,prepared,sweet; sour,guru; snigdha,cooling,sweet,V-1 P+0 K+2,,no — extrapolated,,,,,
hypothyroid,apathya,Edamame,edamame,cooked,sweet; astringent,guru; ruksha,cooling,pungent,V+1 P-1 K+0,,no — extrapolated,,,,,
hypothyroid,apathya,Godhuma (Whole Wheat Roti),roti_whole_wheat,cooked,sweet,guru; snigdha; sthira,cooling,sweet,V-2 P-1 K+2,"Brimhana and Jivana — wheat builds tissue, which is the action that makes it Vata's staple and Kapha's burden at the same time.",bhavaprakasha,,,,,
hypothyroid,apathya,Godugdha (Cow's Milk),milk_full_fat,prepared,sweet,guru; snigdha; manda; picchila,cooling,sweet,V-2 P-2 K+2,Ojas-vardhaka and Rasayana — the action that makes milk a therapy rather than a food (Charaka Sutrasthana 27).,bhavaprakasha,,,,,
hypothyroid,apathya,Kadali (Banana),banana,ripe,sweet; astringent,guru; snigdha; picchila,cooling,sour,V-1 P+0 K+2,"Amla vipaka against a madhura-kashaya rasa — the classical exception for Kadali, and the reason banana with milk is named Viruddha.",bhavaprakasha,,,,,
hypothyroid,apathya,Kharjura (Dates),dates,ripe,sweet,guru; snigdha; mridu,cooling,sweet,V-2 P-2 K+2,"Brimhana and Balya — Kharjura is the classical convalescent fruit, given to rebuild after depletion where its guru guna would otherwise argue against it.",bhavaprakasha,,,,,
hypothyroid,apathya,Kilata (Paneer),paneer,prepared,sweet,guru; snigdha; picchila,cooling,sweet,V-1 P-1 K+2,,bhavaprakasha,,,,,
hypothyroid,apathya,Lassi (Sweetened Takra),lassi,prepared,sweet; sour,guru; snigdha,cooling,sweet,V-1 P-1 K+2,"Sweetening and thickening reverse Takra's action: sweet Lassi is guru and Kapha-vardhaka where the Takra it is made from is laghu and Kapha-hara. The preparation, not the milk, decides.",bhavaprakasha,,,,,
hypothyroid,apathya,Masha (Urad Dal),urad_dal,cooked,sweet,guru; snigdha; picchila,heating,sweet,V-2 P+2 K+2,"Ushna virya and Pitta-vardhaka against a madhura rasa that pacifies Pitta by rule — Masha is Balya and Vrishya, the strength-building legume, and the pole opposite Mudga in this varga. It is the black gram named first in the Amavata Apathya.",bhavaprakasha,,,,,
hypothyroid,apathya,Narikela (Fresh Coconut),coconut,ripe,sweet,guru; snigdha,cooling,sweet,V-1 P-2 K+2,,bhavaprakasha,,,,,
hypothyroid,apathya,Narikela Ksheera (Coconut Milk),coconut_milk,prepared,sweet,guru; snigdha,cooling,sweet,V-1 P-2 K+2,,bhavaprakasha,,,,,
hypothyroid,apathya,Oats Porridge,oats,cooked,sweet; astringent,guru; picchila; snigdha,cooling,sweet,V-1 P-1 K+1,,no — extrapolated,,,,,
hypothyroid,apathya,Panasa (Jackfruit),jackfruit,cooked,sweet; astringent,guru; picchila,cooling,sweet,V-1 P-1 K+2,,bhavaprakasha,,,,,
hypothyroid,apathya,"Prithuka (Rice Flakes, Dry)",rice_flakes,dry,sweet,guru; picchila,cooling,sweet,V-1 P-1 K+2,"Prithuka is guru and Kapha-vardhaka in Bhavaprakasha despite coming from laghu Shali — the flattening and drying change the dravya, so the dry flake and the cooked dish do not share a guna.",bhavaprakasha,,,,,
hypothyroid,apathya,Rava (Semolina),semolina_rava,cooked,sweet,guru; picchila,cooling,sweet,V-1 P-1 K+2,,bhavaprakasha,,,,,
hypothyroid,apathya,Sabudana (Tapioca Pearls),sabudana,cooked,sweet,guru; picchila; sthira,cooling,sweet,V-1 P-1 K+2,,no — extrapolated,,,,,
hypothyroid,apathya,Santanika (Cream),cream,prepared,sweet,guru; snigdha; picchila,cooling,sweet,V-2 P-1 K+2,,bhavaprakasha,,,,,
hypothyroid,apathya,Shakarkand (Sweet Potato),sweet_potato,cooked,sweet,guru; snigdha,cooling,sweet,V-1 P-1 K+2,,bhavaprakasha,,,,,
hypothyroid,apathya,Shali (Basmati Rice),basmati_rice,cooked,sweet,laghu; snigdha; mridu,cooling,sweet,V-1 P-1 K+1,"Purana Shali — aged rice — is laghu where new rice is guru, which is why the texts specify the age.",bhavaprakasha,,,,,
hypothyroid,apathya,Soy Milk,soy_milk,prepared,sweet; astringent,guru; picchila,cooling,sweet,V+1 P-1 K+1,,no — extrapolated,,,,,
hypothyroid,apathya,Soya Chunks,soya_chunks,cooked,sweet; astringent,guru; ruksha,cooling,pungent,V+2 P+0 K+0,,no — extrapolated,,,,,
hypothyroid,apathya,Tempeh,tempeh,fermented,sweet; astringent,guru; ruksha,heating,pungent,V+1 P+1 K+0,,no — extrapolated,,,,,
hypothyroid,apathya,Tofu,vegan_paneer_tofu,prepared,sweet; astringent,guru; picchila,cooling,sweet,V+1 P-1 K+1,,no — extrapolated,,,,,
hypothyroid,apathya,Tofu (Firm),tofu_firm,prepared,sweet; astringent,guru; picchila,cooling,sweet,V+1 P-1 K+1,,no — extrapolated,,,,,
hypothyroid,apathya,White Rice,white_rice,cooked,sweet,laghu; picchila,cooling,sweet,V-1 P-1 K+2,,bhavaprakasha,,,,,
hypothyroid,pathya,Amalaki (Amla),amla,ripe,sour; astringent; sweet,laghu; ruksha,cooling,sweet,V-1 P-2 K-1,Amla rasa with shita virya and madhura vipaka — the combination is unique to Amalaki and is why the one sour fruit in the pharmacopoeia is given freely in Pitta. Rasayana and tridoshaghna.,bhavaprakasha,,,,,
hypothyroid,pathya,Atasi (Flax Seeds),flax_seeds,raw,sweet; astringent,guru; snigdha; picchila,heating,pungent,V-2 P+1 K+0,"Ushna virya and katu vipaka against a madhura-kashaya rasa — the classical caution on Atasi, and why it is a Vata-Kapha seed rather than a cooling one.",bhavaprakasha,,,,,
hypothyroid,pathya,Bajra (Pearl Millet),millet_bajra,cooked,sweet; astringent,laghu; ruksha,heating,pungent,V+1 P+1 K-2,"Ushna virya and Pitta-vardhaka against a madhura-kashaya rasa that would pacify Pitta by rule — the classical caution on Bajra, and why it is a winter grain and not a summer one.",bhavaprakasha,,,,,
hypothyroid,pathya,Lasuna (Garlic),garlic,cooked,pungent,guru; snigdha; tikshna,heating,pungent,V-2 P+2 K-2,Rasayana for Vata and the classical Amavata medicine — Lasuna carries five of the six rasas and is prescribed where its katu rasa alone would bar it.,bhavaprakasha,,,,,
hypothyroid,pathya,Maricha (Black Pepper),black_pepper,prepared,pungent,laghu; tikshna; ruksha,heating,pungent,V-1 P+2 K-2,"Vata-kapha hara at culinary dose, where the deepana action dominates the Vata-raising tendency of katu rasa. In quantity the rasa wins — which is why Maricha is classically a pinch and not a spoon.",bhavaprakasha,,,,,
hypothyroid,pathya,Sarshapa Taila (Mustard Oil),mustard_oil,prepared,pungent; bitter,laghu; snigdha; tikshna,heating,pungent,V-1 P+2 K-2,"Vata-hara despite katu-tikta rasa: it is a sneha, and the oleating quality reaches Vata where the rasa alone would raise it. Classically kapha-vata hara and decidedly Pitta-vardhaka.",bhavaprakasha,,,,,
hypothyroid,pathya,Shigru (Drumstick / Moringa),drumstick_moringa,cooked,pungent; bitter,laghu; ruksha; tikshna,heating,pungent,V-1 P+1 K-2,"Shothahara and Krimighna — Shigru is the anti-inflammatory Shaka, given in Amavata and in Shotha where a katu-tikta vegetable would otherwise be avoided for Vata.",bhavaprakasha,,,,,
hypothyroid,pathya,Tulsi Tea,tulsi_tea,prepared,pungent; bitter,laghu; ruksha; tikshna,heating,pungent,V-1 P+1 K-2,"Hridya and Rasayana — Tulsi's specific action carries it past what its katu-tikta rasa alone would do, which is why it is given as a daily drink and Maricha is not.",bhavaprakasha,,,,,
hypothyroid,pathya,Twak (Cinnamon),cinnamon_dalchini,prepared,pungent; bitter; sweet,laghu; ruksha; tikshna,heating,pungent,V-1 P+1 K-2,,bhavaprakasha,,,,,
hypothyroid,pathya,Yava (Barley),barley,cooked,sweet; astringent,laghu; ruksha; chala,cooling,pungent,V+1 P-1 K-2,"Medohara and Kapha-hara despite madhura rasa — the textbook Prabhava, and the reason Yava is the grain prescribed in Sthaulya and Prameha while Shali is withheld.",bhavaprakasha,,,,,
ibs,apathya,Adhaki (Toor Dal),toor_dal,cooked,sweet; astringent,laghu; ruksha,cooling,pungent,V+1 P-1 K-1,,bhavaprakasha,,,,,
ibs,apathya,Aluka (Potato),potato,cooked,sweet,guru; ruksha,cooling,sweet,V+2 P-1 K+1,"Vata-vardhaka despite madhura rasa and against shita virya, which would raise Vata anyway — Aluka is Vatala in the texts, the standard caution on the tuber, and the reason it is cooked with ajwain.",bhavaprakasha,,,,,
ibs,apathya,Arbi (Colocasia),colocasia_arbi,cooked,sweet; astringent,guru; picchila,cooling,sweet,V+2 P-1 K+2,,bhavaprakasha,,,,,
ibs,apathya,Black Beans,black_beans,cooked,sweet; astringent,guru; ruksha,cooling,pungent,V+2 P+0 K-1,,no — extrapolated,,,,,
ibs,apathya,Broccoli,broccoli,cooked,bitter; astringent,laghu; ruksha,cooling,pungent,V+2 P-1 K-1,,no — extrapolated,,,,,
ibs,apathya,Brown Rice,brown_rice,cooked,sweet; astringent,guru; ruksha,cooling,sweet,V+1 P-1 K+0,,bhavaprakasha,,,,,
ibs,apathya,Cabbage,cabbage,cooked,astringent; sweet,laghu; ruksha,cooling,pungent,V+2 P-1 K-1,,no — extrapolated,,,,,
ibs,apathya,Cauliflower,cauliflower,cooked,astringent; sweet,laghu; ruksha,cooling,pungent,V+2 P-1 K-1,,no — extrapolated,,,,,
ibs,apathya,Chanaka (Chana Dal),chana_dal,cooked,sweet; astringent,laghu; ruksha,cooling,pungent,V+2 P-1 K-1,,bhavaprakasha,,,,,
ibs,apathya,Chanaka (Kabuli Chana),chhole,cooked,sweet; astringent,guru; ruksha,cooling,pungent,V+2 P-1 K-1,,bhavaprakasha,,,,,
ibs,apathya,Chanaka Churna (Besan),chickpea_flour_besan,dry,sweet; astringent,laghu; ruksha,cooling,pungent,V+2 P-1 K-1,,bhavaprakasha,,,,,
ibs,apathya,Edamame,edamame,cooked,sweet; astringent,guru; ruksha,cooling,pungent,V+1 P-1 K+0,,no — extrapolated,,,,,
ibs,apathya,French Beans,french_beans,cooked,sweet; astringent,laghu; ruksha,cooling,pungent,V+1 P-1 K-1,,no — extrapolated,,,,,
ibs,apathya,Gavar (Cluster Beans),cluster_beans_gavar,cooked,astringent; sweet; bitter,guru; ruksha,cooling,pungent,V+2 P-1 K-1,,bhavaprakasha,,,,,
ibs,apathya,Godhuma (Whole Wheat Roti),roti_whole_wheat,cooked,sweet,guru; snigdha; sthira,cooling,sweet,V-2 P-1 K+2,"Brimhana and Jivana — wheat builds tissue, which is the action that makes it Vata's staple and Kapha's burden at the same time.",bhavaprakasha,,,,,
ibs,apathya,Jambu (Jamun),jamun,ripe,astringent; sour; sweet,laghu; ruksha,cooling,pungent,V+2 P-1 K-2,"The classical Prameha fruit — Jambu's Kapha-Meda reducing action is the one the texts single it out for, and the seed is used where the fruit is not.",bhavaprakasha,,,,,
ibs,apathya,Jowar (Sorghum),millet_jowar,cooked,sweet; astringent,laghu; ruksha,cooling,pungent,V+1 P-1 K-2,,bhavaprakasha,,,,,
ibs,apathya,Kadali Kanda (Raw Banana),raw_banana,unripe,astringent; sweet,guru; ruksha,cooling,pungent,V+2 P-1 K-1,,bhavaprakasha,,,,,
ibs,apathya,Kalaya (Green Peas),green_peas,cooked,sweet; astringent,guru; ruksha,cooling,pungent,V+2 P-1 K-1,,bhavaprakasha,,,,,
ibs,apathya,Kalinga (Watermelon),watermelon,ripe,sweet,guru; snigdha; drava,cooling,sweet,V+1 P-2 K+1,"Mutrala — the diuretic action is why Kalinga is given in Grishma and in urinary heat, and why it is not simply a heavy sweet fruit.",bhavaprakasha,,,,,
ibs,apathya,Kamala Kanda (Lotus Stem),lotus_stem,cooked,sweet; astringent,guru; ruksha,cooling,sweet,V+1 P-1 K+0,,bhavaprakasha,,,,,
ibs,apathya,Kidney Beans,kidney_beans,cooked,sweet; astringent,guru; ruksha; sthira,cooling,pungent,V+2 P-1 K-1,,no — extrapolated,,,,,
ibs,apathya,Makka (Sweet Corn),corn,cooked,sweet; astringent,guru; ruksha,heating,pungent,V+1 P+1 K-1,"Ushna despite madhura rasa, and guru while ruksha — the combination that makes Makka hard on Vata and on a weak Agni both.",bhavaprakasha,,,,,
ibs,apathya,Makka (Sweet Corn),corn_sweet,cooked,sweet; astringent,guru; ruksha,heating,pungent,V+1 P+1 K-1,,bhavaprakasha,,,,,
ibs,apathya,Masura (Whole Brown Lentil),lentils_brown,cooked,sweet; astringent,guru; ruksha,heating,pungent,V+2 P+0 K-1,,bhavaprakasha,,,,,
ibs,apathya,Mudga (Sprouted Moong),sprouted_moong,sprouted,sweet; astringent,laghu; ruksha; chala,cooling,pungent,V+2 P-1 K-1,,bhavaprakasha,,,,,
ibs,apathya,Mudga (Whole Green Gram),moong_dal_green,cooked,sweet; astringent,laghu; ruksha,cooling,pungent,V+1 P-1 K-1,,bhavaprakasha,,,,,
ibs,apathya,Mushroom,mushroom,cooked,sweet; astringent,guru; picchila,cooling,pungent,V+1 P-1 K+1,,bhavaprakasha,,,,,
ibs,apathya,Nashpati (Pear),pear,ripe,sweet; astringent,guru; ruksha,cooling,sweet,V+1 P-1 K+0,,bhavaprakasha,,,,,
ibs,apathya,Oats Porridge,oats,cooked,sweet; astringent,guru; picchila; snigdha,cooling,sweet,V-1 P-1 K+1,,no — extrapolated,,,,,
ibs,apathya,Palakya (Palak),palak,cooked,sweet; astringent; bitter,guru; ruksha,cooling,pungent,V+2 P-1 K-1,,bhavaprakasha,,,,,
ibs,apathya,Palakya (Spinach),spinach,cooked,sweet; astringent; bitter,guru; ruksha,cooling,pungent,V+2 P-1 K-1,,bhavaprakasha,,,,,
ibs,apathya,Palandu (Onion),onion,cooked,pungent; sweet,guru; snigdha; tikshna,heating,pungent,V-1 P+2 K-1,,bhavaprakasha,,,,,
ibs,apathya,Panasa (Jackfruit),jackfruit,cooked,sweet; astringent,guru; picchila,cooling,sweet,V-1 P-1 K+2,,bhavaprakasha,,,,,
ibs,apathya,Perukam (Guava),guava,ripe,sweet; sour; astringent,guru; ruksha,cooling,sweet,V+1 P-1 K-1,,bhavaprakasha,,,,,
ibs,apathya,Rajamasha (Black-Eyed Peas),black_eyed_peas,cooked,sweet; astringent,guru; ruksha,cooling,pungent,V+2 P-1 K-1,,bhavaprakasha,,,,,
ibs,apathya,Rajma (Kidney Beans),rajma,cooked,sweet; astringent,guru; ruksha; sthira,cooling,pungent,V+2 P-1 K-1,,no — extrapolated,,,,,
ibs,apathya,"Seva (Apple, Raw)",apple,raw,sweet; astringent,guru; ruksha,cooling,sweet,V+1 P-1 K+0,,bhavaprakasha,,,,,
ibs,apathya,Soy Milk,soy_milk,prepared,sweet; astringent,guru; picchila,cooling,sweet,V+1 P-1 K+1,,no — extrapolated,,,,,
ibs,apathya,Soya Chunks,soya_chunks,cooked,sweet; astringent,guru; ruksha,cooling,pungent,V+2 P+0 K+0,,no — extrapolated,,,,,
ibs,apathya,Tofu,vegan_paneer_tofu,prepared,sweet; astringent,guru; picchila,cooling,sweet,V+1 P-1 K+1,,no — extrapolated,,,,,
ibs,apathya,Tofu (Firm),tofu_firm,prepared,sweet; astringent,guru; picchila,cooling,sweet,V+1 P-1 K+1,,no — extrapolated,,,,,
ibs,apathya,Trapusha (Cucumber),cucumber,raw,sweet,guru; snigdha; drava,cooling,sweet,V+1 P-2 K+1,,bhavaprakasha,,,,,
ibs,apathya,Whole Wheat Bread,bread_whole_wheat,fermented,sweet; sour,guru; ruksha; sthira,heating,sour,V+1 P+1 K+2,"Vata-vardhaka against a madhura-amla rasa that pacifies Vata by rule. Yeast fermentation makes the loaf ruksha and khara where the wheat was snigdha, and Vata follows the guna here rather than the rasa — the same reason dry, aerated food is withheld in Vata disorders.",no — extrapolated,,,,,
ibs,pathya,Ardraka (Fresh Ginger),ginger,fresh,pungent,guru; snigdha; tikshna,heating,pungent,V-2 P+1 K-2,Ardraka is guru and snigdha with katu vipaka where dried Shunthi is laghu with madhura vipaka. Fresh and dry are two dravyas and the texts prescribe them differently — this row and `ginger_dry_saunth` are that distinction.,bhavaprakasha,,,,,
ibs,pathya,Dadima (Pomegranate),pomegranate,ripe,sweet; sour; astringent,laghu; snigdha,cooling,sweet,V-1 P-1 K-1,"Tridoshaghna and Hridya — the sweet Dadima is one of the few fruits the texts give to all three Doshas, and the one prescribed in Grahani and in convalescence.",bhavaprakasha,,,,,
ibs,pathya,Jiraka (Cumin),cumin_jeera,prepared,pungent,laghu; ruksha,heating,pungent,V-1 P+1 K-2,"Vata-anulomana. Katu rasa raises Vata by rule; Jiraka relieves it, by kindling Agni and clearing the Anaha through which Vata accumulates. Classically vata-kapha hara.",bhavaprakasha,,,,,
ibs,pathya,Mishreya (Fennel),fennel_saunf,prepared,sweet; bitter; pungent,laghu; snigdha,heating,sweet,V-1 P-1 K+0,,bhavaprakasha,,,,,
ibs,pathya,Mudga (Yellow Moong Dal),moong_dal_yellow,cooked,sweet; astringent,laghu; ruksha,cooling,pungent,V+0 P-1 K-1,"Shreshtha among the Shimbi — the one legume the texts call tridoshaghna and prescribe in fever, in convalescence and to a weak Agni, where every other legume in this varga is withheld.",bhavaprakasha,,,,,
ibs,pathya,Shali (Basmati Rice),basmati_rice,cooked,sweet,laghu; snigdha; mridu,cooling,sweet,V-1 P-1 K+1,"Purana Shali — aged rice — is laghu where new rice is guru, which is why the texts specify the age.",bhavaprakasha,,,,,
ibs,pathya,Shunthi (Dry Ginger),ginger_dry_saunth,prepared,pungent,laghu; snigdha,heating,sweet,V-2 P+1 K-2,"Madhura vipaka despite katu rasa — the classical exception for Shunthi, and the reason dry ginger nourishes where fresh Ardraka only stimulates. The same action makes it vata-hara where katu rasa alone would raise Vata.",bhavaprakasha,,,,,
ibs,pathya,Shunthi Kwatha (Ginger Tea),ginger_tea,prepared,pungent,laghu; snigdha,heating,sweet,V-2 P+1 K-2,"Made from Shunthi, and carries its exception: madhura vipaka despite katu rasa, and vata-hara where the rasa alone would raise Vata.",bhavaprakasha,,,,,
ibs,pathya,Takra (Buttermilk),buttermilk_chaas,prepared,sour; astringent,laghu; ruksha,heating,sour,V-1 P+0 K-1,"Grahi and deepana — the classical Grahani medicine, and the reason Takra is prescribed where Dadhi, made from the same milk, is withheld (Charaka Chikitsa 15).",bhavaprakasha,,,,,
ibs,pathya,Yavani (Ajwain),ajwain,prepared,pungent; bitter,laghu; ruksha; tikshna,heating,pungent,V-2 P+1 K-2,Vata-anulomana and shula-prashamana — the classical carminative. It clears the Anaha through which its own katu-tikta rasa would aggravate Vata.,bhavaprakasha,,,,,
kidney_disease,apathya,Palakya (Palak),palak,cooked,sweet; astringent; bitter,guru; ruksha,cooling,pungent,V+2 P-1 K-1,,bhavaprakasha,,,,,
kidney_disease,apathya,Palakya (Spinach),spinach,cooked,sweet; astringent; bitter,guru; ruksha,cooling,pungent,V+2 P-1 K-1,,bhavaprakasha,,,,,
kidney_disease,apathya,Raktaphala (Tomato),tomato,raw,sour; sweet,laghu; snigdha,heating,sour,V-1 P+2 K-1,,no — extrapolated,,,,,
kidney_disease,pathya,Alabu (Bottle Gourd),bottle_gourd,cooked,sweet,laghu; snigdha; drava,cooling,sweet,V+0 P-2 K-1,"Laghu and Mutrala where a madhura, snigdha dravya would be neither — which is why Alabu is the gourd given in fever, in convalescence and to a weak Agni.",bhavaprakasha,,,,,
kidney_disease,pathya,Asparagus,asparagus,cooked,sweet; bitter,guru; snigdha,cooling,sweet,V-1 P-2 K+0,,no — extrapolated,,,,,
kidney_disease,pathya,Dhanyaka (Coriander Seed),coriander_dhania,prepared,astringent; bitter; sweet,laghu; snigdha,heating,sweet,V-1 P-1 K-1,"Tridoshaghna, and Pitta-shamaka in effect despite ushna virya — the action the texts attribute to Dhanyaka specifically, which is why it is the one warm spice given freely in Pitta conditions.",bhavaprakasha,,,,,
kidney_disease,pathya,Draksha (Grapes),grapes,ripe,sweet,guru; snigdha; mridu,cooling,sweet,V-2 P-2 K+1,"Phalottama — the texts call Draksha the best of fruits and give it in all three Doshas, which no other madhura, guru fruit here earns.",bhavaprakasha,,,,,
kidney_disease,pathya,Kalinga (Watermelon),watermelon,ripe,sweet,guru; snigdha; drava,cooling,sweet,V+1 P-2 K+1,"Mutrala — the diuretic action is why Kalinga is given in Grishma and in urinary heat, and why it is not simply a heavy sweet fruit.",bhavaprakasha,,,,,
kidney_disease,pathya,Kalinga Bija (Watermelon Seeds),watermelon_seeds,raw,sweet,guru; snigdha,cooling,sweet,V-1 P-1 K+1,,bhavaprakasha,,,,,
kidney_disease,pathya,Kharbuja Bija (Melon Seeds / Magaz),melon_seeds_magaz,raw,sweet,guru; snigdha,cooling,sweet,V-1 P-2 K+1,"Mutrala and Pittahara — one of the Chatur Bija, given for urinary heat where its guru-snigdha guna alone would suggest otherwise.",bhavaprakasha,,,,,
kidney_disease,pathya,Kushmanda (Pumpkin),pumpkin,cooked,sweet,guru; snigdha,cooling,sweet,V-1 P-2 K+1,"Medhya and Hridya — Kushmanda is the Rasayana gourd, given in mental and cardiac depletion, which is not an action any of its qualities predict.",bhavaprakasha,,,,,
kidney_disease,pathya,Kushmanda Bija (Pumpkin Seeds),pumpkin_seeds,raw,sweet,guru; snigdha,cooling,sweet,V-1 P-1 K+1,"Krimighna and Mutrala — the anthelmintic and diuretic actions the texts give Kushmanda seed, neither of which follows from its rasa.",bhavaprakasha,,,,,
kidney_disease,pathya,Narikela (Fresh Coconut),coconut,ripe,sweet,guru; snigdha,cooling,sweet,V-1 P-2 K+2,,bhavaprakasha,,,,,
kidney_disease,pathya,Narikela Jala (Tender Coconut Water),coconut_water,prepared,sweet,laghu; snigdha,cooling,sweet,V-1 P-2 K+0,,bhavaprakasha,,,,,
kidney_disease,pathya,Padmabija (Makhana / Fox Nuts),fox_nuts_makhana,roasted,sweet; astringent,guru; snigdha; sthira,cooling,sweet,V-1 P-1 K+1,"Garbhasthapana and Vrishya — Makhana is the one nut given freely in pregnancy, which is why it is here and Kaju is not.",bhavaprakasha,,,,,
kidney_disease,pathya,Trapusha (Cucumber),cucumber,raw,sweet,guru; snigdha; drava,cooling,sweet,V+1 P-2 K+1,,bhavaprakasha,,,,,
kidney_disease,pathya,Zucchini,zucchini,cooked,sweet,laghu; drava,cooling,sweet,V+0 P-1 K+0,,no — extrapolated,,,,,
migraine,apathya,Kaju (Cashews),cashews,raw,sweet,guru; snigdha,heating,sweet,V-2 P+2 K+2,The one sweet nut the texts warn against in Pitta — Kaju is ushna and Vidahi where its madhura rasa says it should cool.,bhavaprakasha,,,,,
migraine,apathya,Lasuna (Garlic),garlic,cooked,pungent,guru; snigdha; tikshna,heating,pungent,V-2 P+2 K-2,Rasayana for Vata and the classical Amavata medicine — Lasuna carries five of the six rasas and is prescribed where its katu rasa alone would bar it.,bhavaprakasha,,,,,
migraine,apathya,Mandapi (Peanuts),peanuts,raw,sweet; astringent,guru; snigdha,heating,sweet,V-1 P+2 K+2,"Ushna and Vidahi against a madhura rasa — the peanut heats and burns where its rasa says it should cool, which is the classical caution and the reason it is withheld in Amlapitta and Kushtha.",bhavaprakasha,,,,,
migraine,apathya,Mandapi (Roasted Peanuts),peanuts_roasted,roasted,sweet; astringent,guru; ruksha; tikshna,heating,sweet,V-1 P+2 K+1,"Roasting turns Mandapi ruksha and more Vidahi than the raw seed — the same dravya, a sharper one, and the reason roasted peanuts sit worse in Amlapitta than boiled ones.",bhavaprakasha,,,,,
migraine,apathya,Nutritional Yeast,nutritional_yeast,prepared,astringent; bitter,laghu; ruksha,heating,pungent,V+1 P+0 K-2,,no — extrapolated,,,,,
migraine,apathya,Palandu (Onion),onion,cooked,pungent; sweet,guru; snigdha; tikshna,heating,pungent,V-1 P+2 K-1,,bhavaprakasha,,,,,
migraine,apathya,Sarshapa Taila (Mustard Oil),mustard_oil,prepared,pungent; bitter,laghu; snigdha; tikshna,heating,pungent,V-1 P+2 K-2,"Vata-hara despite katu-tikta rasa: it is a sneha, and the oleating quality reaches Vata where the rasa alone would raise it. Classically kapha-vata hara and decidedly Pitta-vardhaka.",bhavaprakasha,,,,,
migraine,apathya,Tempeh,tempeh,fermented,sweet; astringent,guru; ruksha,heating,pungent,V+1 P+1 K+0,,no — extrapolated,,,,,
migraine,pathya,Dhanyaka (Coriander Seed),coriander_dhania,prepared,astringent; bitter; sweet,laghu; snigdha,heating,sweet,V-1 P-1 K-1,"Tridoshaghna, and Pitta-shamaka in effect despite ushna virya — the action the texts attribute to Dhanyaka specifically, which is why it is the one warm spice given freely in Pitta conditions.",bhavaprakasha,,,,,
migraine,pathya,Goghrita (Cow's Ghee),ghee_oil,prepared,sweet,guru; snigdha; mridu,cooling,sweet,V-2 P-2 K+1,"Agni-deepana while being snigdha and guru — the classical exception that makes Ghrita the one fat given to a weak Agni rather than withheld from it (Charaka Sutrasthana 13). Vata-Pitta hara, Ojas-vardhaka.",bhavaprakasha,,,,,
migraine,pathya,Goghrita (Cow's Ghee),ghee,prepared,sweet,guru; snigdha; mridu,cooling,sweet,V-2 P-2 K+1,Agni-deepana while being snigdha and guru — the classical exception that makes Ghrita the one fat given to a weak Agni rather than withheld from it (Charaka Sutrasthana 13). Ojas-vardhaka.,bhavaprakasha,,,,,
migraine,pathya,Kushmanda (Pumpkin),pumpkin,cooked,sweet,guru; snigdha,cooling,sweet,V-1 P-2 K+1,"Medhya and Hridya — Kushmanda is the Rasayana gourd, given in mental and cardiac depletion, which is not an action any of its qualities predict.",bhavaprakasha,,,,,
migraine,pathya,Narikela Jala (Tender Coconut Water),coconut_water,prepared,sweet,laghu; snigdha,cooling,sweet,V-1 P-2 K+0,,bhavaprakasha,,,,,
migraine,pathya,Narikela Taila (Coconut Oil),coconut_oil,prepared,sweet,guru; snigdha; manda,cooling,sweet,V-1 P-2 K+1,,bhavaprakasha,,,,,
migraine,pathya,Tulsi Tea,tulsi_tea,prepared,pungent; bitter,laghu; ruksha; tikshna,heating,pungent,V-1 P+1 K-2,"Hridya and Rasayana — Tulsi's specific action carries it past what its katu-tikta rasa alone would do, which is why it is given as a daily drink and Maricha is not.",bhavaprakasha,,,,,
obesity,apathya,Akshota (Walnuts),walnuts,raw,sweet; astringent,guru; snigdha,heating,sweet,V-2 P+1 K+1,,bhavaprakasha,,,,,
obesity,apathya,Aluka (Potato),potato,cooked,sweet,guru; ruksha,cooling,sweet,V+2 P-1 K+1,"Vata-vardhaka despite madhura rasa and against shita virya, which would raise Vata anyway — Aluka is Vatala in the texts, the standard caution on the tuber, and the reason it is cooked with ajwain.",bhavaprakasha,,,,,
obesity,apathya,Amra (Mango),mango,ripe,sweet,guru; snigdha,heating,sweet,V-2 P+1 K+2,"Ripe Amra is Vrishya and Balya, and ushna despite a purely madhura rasa — the reason it is a summer fruit that nonetheless aggravates Pitta in quantity.",bhavaprakasha,,,,,
obesity,apathya,Anjeera (Figs),figs,ripe,sweet,guru; snigdha,cooling,sweet,V-1 P-1 K+1,,bhavaprakasha,,,,,
obesity,apathya,Arbi (Colocasia),colocasia_arbi,cooked,sweet; astringent,guru; picchila,cooling,sweet,V+2 P-1 K+2,,bhavaprakasha,,,,,
obesity,apathya,Badama (Almonds),almonds,raw,sweet,guru; snigdha,heating,sweet,V-2 P+1 K+2,"Medhya, Balya and Vrishya — the actions that make Badama a Rasayana rather than a fat, and the reason it is soaked and peeled before use.",bhavaprakasha,,,,,
obesity,apathya,Cashew Cream,cashew_cream,prepared,sweet,guru; snigdha,heating,sweet,V-2 P+1 K+2,"Pitta-vardhaka despite madhura rasa — Kaju is ushna virya, the one sweet nut the texts warn against in Pitta, and blending it into a cream concentrates rather than tempers that.",no — extrapolated,,,,,
obesity,apathya,Chikoo (Sapota),chikoo_sapota,ripe,sweet,guru; snigdha,cooling,sweet,V-1 P-1 K+2,,no — extrapolated,,,,,
obesity,apathya,Chilgoza (Pine Nuts),pine_nuts,raw,sweet,guru; snigdha,heating,sweet,V-2 P+1 K+1,,bhavaprakasha,,,,,
obesity,apathya,Coconut Cream,coconut_cream,prepared,sweet,guru; snigdha; picchila,cooling,sweet,V-2 P-2 K+2,,bhavaprakasha,,,,,
obesity,apathya,Coconut Yogurt,coconut_yogurt,prepared,sweet; sour,guru; snigdha,heating,sour,V-1 P+1 K+1,,no — extrapolated,,,,,
obesity,apathya,Cottage Cheese,cottage_cheese,prepared,sweet; sour,guru; snigdha,cooling,sweet,V-1 P+0 K+2,,no — extrapolated,,,,,
obesity,apathya,Dadhi (Curd),curd_yogurt,prepared,sour; sweet,guru; snigdha; picchila,heating,sour,V-1 P+2 K+2,,bhavaprakasha,,,,,
obesity,apathya,Daliya (Broken Wheat),daliya,cooked,sweet,laghu; snigdha,cooling,sweet,V-1 P-1 K+1,,bhavaprakasha,,,,,
obesity,apathya,Draksha (Grapes),grapes,ripe,sweet,guru; snigdha; mridu,cooling,sweet,V-2 P-2 K+1,"Phalottama — the texts call Draksha the best of fruits and give it in all three Doshas, which no other madhura, guru fruit here earns.",bhavaprakasha,,,,,
obesity,apathya,Godhuma (Whole Wheat Roti),roti_whole_wheat,cooked,sweet,guru; snigdha; sthira,cooling,sweet,V-2 P-1 K+2,"Brimhana and Jivana — wheat builds tissue, which is the action that makes it Vata's staple and Kapha's burden at the same time.",bhavaprakasha,,,,,
obesity,apathya,Godugdha (Cow's Milk),milk_full_fat,prepared,sweet,guru; snigdha; manda; picchila,cooling,sweet,V-2 P-2 K+2,Ojas-vardhaka and Rasayana — the action that makes milk a therapy rather than a food (Charaka Sutrasthana 27).,bhavaprakasha,,,,,
obesity,apathya,Goghrita (Cow's Ghee),ghee_oil,prepared,sweet,guru; snigdha; mridu,cooling,sweet,V-2 P-2 K+1,"Agni-deepana while being snigdha and guru — the classical exception that makes Ghrita the one fat given to a weak Agni rather than withheld from it (Charaka Sutrasthana 13). Vata-Pitta hara, Ojas-vardhaka.",bhavaprakasha,,,,,
obesity,apathya,Goghrita (Cow's Ghee),ghee,prepared,sweet,guru; snigdha; mridu,cooling,sweet,V-2 P-2 K+1,Agni-deepana while being snigdha and guru — the classical exception that makes Ghrita the one fat given to a weak Agni rather than withheld from it (Charaka Sutrasthana 13). Ojas-vardhaka.,bhavaprakasha,,,,,
obesity,apathya,Kadali (Banana),banana,ripe,sweet; astringent,guru; snigdha; picchila,cooling,sour,V-1 P+0 K+2,"Amla vipaka against a madhura-kashaya rasa — the classical exception for Kadali, and the reason banana with milk is named Viruddha.",bhavaprakasha,,,,,
obesity,apathya,Kaju (Cashews),cashews,raw,sweet,guru; snigdha,heating,sweet,V-2 P+2 K+2,The one sweet nut the texts warn against in Pitta — Kaju is ushna and Vidahi where its madhura rasa says it should cool.,bhavaprakasha,,,,,
obesity,apathya,Kalinga (Watermelon),watermelon,ripe,sweet,guru; snigdha; drava,cooling,sweet,V+1 P-2 K+1,"Mutrala — the diuretic action is why Kalinga is given in Grishma and in urinary heat, and why it is not simply a heavy sweet fruit.",bhavaprakasha,,,,,
obesity,apathya,Kharbuja Bija (Melon Seeds / Magaz),melon_seeds_magaz,raw,sweet,guru; snigdha,cooling,sweet,V-1 P-2 K+1,"Mutrala and Pittahara — one of the Chatur Bija, given for urinary heat where its guru-snigdha guna alone would suggest otherwise.",bhavaprakasha,,,,,
obesity,apathya,Kharjura (Dates),dates,ripe,sweet,guru; snigdha; mridu,cooling,sweet,V-2 P-2 K+2,"Brimhana and Balya — Kharjura is the classical convalescent fruit, given to rebuild after depletion where its guru guna would otherwise argue against it.",bhavaprakasha,,,,,
obesity,apathya,Kilata (Paneer),paneer,prepared,sweet,guru; snigdha; picchila,cooling,sweet,V-1 P-1 K+2,,bhavaprakasha,,,,,
obesity,apathya,Kushmanda (Pumpkin),pumpkin,cooked,sweet,guru; snigdha,cooling,sweet,V-1 P-2 K+1,"Medhya and Hridya — Kushmanda is the Rasayana gourd, given in mental and cardiac depletion, which is not an action any of its qualities predict.",bhavaprakasha,,,,,
obesity,apathya,Kushmanda Bija (Pumpkin Seeds),pumpkin_seeds,raw,sweet,guru; snigdha,cooling,sweet,V-1 P-1 K+1,"Krimighna and Mutrala — the anthelmintic and diuretic actions the texts give Kushmanda seed, neither of which follows from its rasa.",bhavaprakasha,,,,,
obesity,apathya,Lassi (Sweetened Takra),lassi,prepared,sweet; sour,guru; snigdha,cooling,sweet,V-1 P-1 K+2,"Sweetening and thickening reverse Takra's action: sweet Lassi is guru and Kapha-vardhaka where the Takra it is made from is laghu and Kapha-hara. The preparation, not the milk, decides.",bhavaprakasha,,,,,
obesity,apathya,Mandapi (Peanuts),peanuts,raw,sweet; astringent,guru; snigdha,heating,sweet,V-1 P+2 K+2,"Ushna and Vidahi against a madhura rasa — the peanut heats and burns where its rasa says it should cool, which is the classical caution and the reason it is withheld in Amlapitta and Kushtha.",bhavaprakasha,,,,,
obesity,apathya,Mandapi (Roasted Peanuts),peanuts_roasted,roasted,sweet; astringent,guru; ruksha; tikshna,heating,sweet,V-1 P+2 K+1,"Roasting turns Mandapi ruksha and more Vidahi than the raw seed — the same dravya, a sharper one, and the reason roasted peanuts sit worse in Amlapitta than boiled ones.",bhavaprakasha,,,,,
obesity,apathya,Masha (Urad Dal),urad_dal,cooked,sweet,guru; snigdha; picchila,heating,sweet,V-2 P+2 K+2,"Ushna virya and Pitta-vardhaka against a madhura rasa that pacifies Pitta by rule — Masha is Balya and Vrishya, the strength-building legume, and the pole opposite Mudga in this varga. It is the black gram named first in the Amavata Apathya.",bhavaprakasha,,,,,
obesity,apathya,Narikela (Fresh Coconut),coconut,ripe,sweet,guru; snigdha,cooling,sweet,V-1 P-2 K+2,,bhavaprakasha,,,,,
obesity,apathya,Narikela Jala (Tender Coconut Water),coconut_water,prepared,sweet,laghu; snigdha,cooling,sweet,V-1 P-2 K+0,,bhavaprakasha,,,,,
obesity,apathya,Narikela Ksheera (Coconut Milk),coconut_milk,prepared,sweet,guru; snigdha,cooling,sweet,V-1 P-2 K+2,,bhavaprakasha,,,,,
obesity,apathya,Narikela Taila (Coconut Oil),coconut_oil,prepared,sweet,guru; snigdha; manda,cooling,sweet,V-1 P-2 K+1,,bhavaprakasha,,,,,
obesity,apathya,Navanita (Fresh Butter),butter,prepared,sweet; astringent,guru; snigdha; mridu,cooling,sweet,V-2 P-1 K+1,"Fresh Navanita is deepana and grahi where aged butter is neither — the classical distinction, and why it is given in Arsha and Grahani.",bhavaprakasha,,,,,
obesity,apathya,Oat Milk,oat_milk,prepared,sweet,guru; snigdha; picchila,cooling,sweet,V-1 P-1 K+2,,no — extrapolated,,,,,
obesity,apathya,Olive Oil,olive_oil,prepared,sweet; astringent,guru; snigdha,cooling,sweet,V-1 P-1 K+1,,no — extrapolated,,,,,
obesity,apathya,Padmabija (Makhana / Fox Nuts),fox_nuts_makhana,roasted,sweet; astringent,guru; snigdha; sthira,cooling,sweet,V-1 P-1 K+1,"Garbhasthapana and Vrishya — Makhana is the one nut given freely in pregnancy, which is why it is here and Kaju is not.",bhavaprakasha,,,,,
obesity,apathya,Panasa (Jackfruit),jackfruit,cooked,sweet; astringent,guru; picchila,cooling,sweet,V-1 P-1 K+2,,bhavaprakasha,,,,,
obesity,apathya,Paratha,paratha,cooked,sweet,guru; snigdha; sthira,heating,sweet,V-2 P+1 K+2,"Pitta-vardhaka against a madhura rasa that pacifies Pitta by rule. The preparation decides: sneha taken to griddle heat turns the virya ushna, which is Vidahi — the same reason fried food is the first Apathya named in Amlapitta.",no — extrapolated,,,,,
obesity,apathya,Pistachios,pistachios,raw,sweet,guru; snigdha,heating,sweet,V-2 P+1 K+2,,bhavaprakasha,,,,,
obesity,apathya,"Prithuka (Poha, Cooked)",poha,cooked,sweet,laghu; picchila,cooling,sweet,V-1 P-1 K+1,,bhavaprakasha,,,,,
obesity,apathya,"Prithuka (Rice Flakes, Dry)",rice_flakes,dry,sweet,guru; picchila,cooling,sweet,V-1 P-1 K+2,"Prithuka is guru and Kapha-vardhaka in Bhavaprakasha despite coming from laghu Shali — the flattening and drying change the dravya, so the dry flake and the cooked dish do not share a guna.",bhavaprakasha,,,,,
obesity,apathya,Rava (Semolina),semolina_rava,cooked,sweet,guru; picchila,cooling,sweet,V-1 P-1 K+2,,bhavaprakasha,,,,,
obesity,apathya,Sabudana (Tapioca Pearls),sabudana,cooked,sweet,guru; picchila; sthira,cooling,sweet,V-1 P-1 K+2,,no — extrapolated,,,,,
obesity,apathya,Santanika (Cream),cream,prepared,sweet,guru; snigdha; picchila,cooling,sweet,V-2 P-1 K+2,,bhavaprakasha,,,,,
obesity,apathya,Shakarkand (Sweet Potato),sweet_potato,cooked,sweet,guru; snigdha,cooling,sweet,V-1 P-1 K+2,,bhavaprakasha,,,,,
obesity,apathya,Shali (Basmati Rice),basmati_rice,cooked,sweet,laghu; snigdha; mridu,cooling,sweet,V-1 P-1 K+1,"Purana Shali — aged rice — is laghu where new rice is guru, which is why the texts specify the age.",bhavaprakasha,,,,,
obesity,apathya,Sunflower Seeds,sunflower_seeds,raw,sweet,guru; snigdha,heating,sweet,V-1 P+1 K+1,,no — extrapolated,,,,,
obesity,apathya,Tila (Sesame Seeds),sesame_seeds_til,raw,sweet; bitter; astringent,guru; snigdha,heating,pungent,V-2 P+1 K+1,"Balya and Vata-hara, and the Kushtha caution that comes with it — Tila with milk is named Viruddha in the Kushtha Nidana (Charaka Chikitsa 7).",bhavaprakasha,,,,,
obesity,apathya,Upma,upma,cooked,sweet,guru; snigdha,heating,sweet,V-1 P+0 K+1,,no — extrapolated,,,,,
obesity,apathya,White Rice,white_rice,cooked,sweet,laghu; picchila,cooling,sweet,V-1 P-1 K+2,,bhavaprakasha,,,,,
obesity,apathya,Whole Wheat Bread,bread_whole_wheat,fermented,sweet; sour,guru; ruksha; sthira,heating,sour,V+1 P+1 K+2,"Vata-vardhaka against a madhura-amla rasa that pacifies Vata by rule. Yeast fermentation makes the loaf ruksha and khara where the wheat was snigdha, and Vata follows the guna here rather than the rasa — the same reason dry, aerated food is withheld in Vata disorders.",no — extrapolated,,,,,
obesity,pathya,Adhaki (Toor Dal),toor_dal,cooked,sweet; astringent,laghu; ruksha,cooling,pungent,V+1 P-1 K-1,,bhavaprakasha,,,,,
obesity,pathya,Alabu (Bottle Gourd),bottle_gourd,cooked,sweet,laghu; snigdha; drava,cooling,sweet,V+0 P-2 K-1,"Laghu and Mutrala where a madhura, snigdha dravya would be neither — which is why Alabu is the gourd given in fever, in convalescence and to a weak Agni.",bhavaprakasha,,,,,
obesity,pathya,Amra (Raw Mango),raw_mango,unripe,sour; astringent,laghu; ruksha,heating,sour,V+1 P+2 K-1,,bhavaprakasha,,,,,
obesity,pathya,Bajra (Pearl Millet),millet_bajra,cooked,sweet; astringent,laghu; ruksha,heating,pungent,V+1 P+1 K-2,"Ushna virya and Pitta-vardhaka against a madhura-kashaya rasa that would pacify Pitta by rule — the classical caution on Bajra, and why it is a winter grain and not a summer one.",bhavaprakasha,,,,,
obesity,pathya,Broccoli,broccoli,cooked,bitter; astringent,laghu; ruksha,cooling,pungent,V+2 P-1 K-1,,no — extrapolated,,,,,
obesity,pathya,Cabbage,cabbage,cooked,astringent; sweet,laghu; ruksha,cooling,pungent,V+2 P-1 K-1,,no — extrapolated,,,,,
obesity,pathya,Cauliflower,cauliflower,cooked,astringent; sweet,laghu; ruksha,cooling,pungent,V+2 P-1 K-1,,no — extrapolated,,,,,
obesity,pathya,Chanaka (Chana Dal),chana_dal,cooked,sweet; astringent,laghu; ruksha,cooling,pungent,V+2 P-1 K-1,,bhavaprakasha,,,,,
obesity,pathya,Eranda-karkati (Papaya),papaya,ripe,sweet,guru; tikshna,heating,pungent,V-1 P+1 K-1,Deepana and Bhedana — the digestive and purgative action that makes papaya a medicine for a sluggish gut and a uterine stimulant in pregnancy. Both come from the same Prabhava.,bhavaprakasha,,,,,
obesity,pathya,Eranda-karkati (Raw Papaya),raw_papaya,unripe,astringent; bitter,laghu; tikshna; ruksha,heating,pungent,V+1 P+1 K-2,"Bhedana and a uterine stimulant — unripe papaya carries the action far more strongly than the ripe fruit, which is the whole basis of the pregnancy bar.",bhavaprakasha,,,,,
obesity,pathya,French Beans,french_beans,cooked,sweet; astringent,laghu; ruksha,cooling,pungent,V+1 P-1 K-1,,no — extrapolated,,,,,
obesity,pathya,Gavar (Cluster Beans),cluster_beans_gavar,cooked,astringent; sweet; bitter,guru; ruksha,cooling,pungent,V+2 P-1 K-1,,bhavaprakasha,,,,,
obesity,pathya,Green Tea,green_tea,prepared,astringent; bitter,laghu; ruksha,heating,pungent,V+1 P+0 K-2,,no — extrapolated,,,,,
obesity,pathya,Jambu (Jamun),jamun,ripe,astringent; sour; sweet,laghu; ruksha,cooling,pungent,V+2 P-1 K-2,"The classical Prameha fruit — Jambu's Kapha-Meda reducing action is the one the texts single it out for, and the seed is used where the fruit is not.",bhavaprakasha,,,,,
obesity,pathya,Jowar (Sorghum),millet_jowar,cooked,sweet; astringent,laghu; ruksha,cooling,pungent,V+1 P-1 K-2,,bhavaprakasha,,,,,
obesity,pathya,Kadali Kanda (Raw Banana),raw_banana,unripe,astringent; sweet,guru; ruksha,cooling,pungent,V+2 P-1 K-1,,bhavaprakasha,,,,,
obesity,pathya,Kalaya (Green Peas),green_peas,cooked,sweet; astringent,guru; ruksha,cooling,pungent,V+2 P-1 K-1,,bhavaprakasha,,,,,
obesity,pathya,Kanda (Yam),yam,cooked,sweet; astringent,guru; ruksha,heating,sweet,V-1 P+1 K-1,"Arshoghna — Surana is the classical haemorrhoid remedy, the action it is named for and one no part of its rasa predicts.",bhavaprakasha,,,,,
obesity,pathya,Karavellaka (Bitter Gourd),bitter_gourd_karela,cooked,bitter,laghu; ruksha,heating,pungent,V+1 P-1 K-2,"The Prameha vegetable — Karavellaka's sugar-reducing action is the one the texts single it out for, and it is ushna against a tikta rasa that would cool.",bhavaprakasha,,,,,
obesity,pathya,Katuvira (Capsicum),capsicum_bell_pepper,cooked,pungent; sweet,laghu; ruksha,heating,pungent,V-1 P+1 K-1,,no — extrapolated,,,,,
obesity,pathya,Koshataki (Ridge Gourd),ridge_gourd,cooked,sweet; bitter,laghu; ruksha,cooling,pungent,V+1 P-1 K-1,,bhavaprakasha,,,,,
obesity,pathya,Kuttu (Buckwheat),buckwheat,cooked,sweet; astringent,laghu; ruksha,heating,pungent,V+1 P+1 K-1,Ushna virya and Pitta-vardhaka against a rasa that would pacify Pitta — the reason Kuttu is a Vrata grain for cold months and sits badly in Grishma.,no — extrapolated,,,,,
obesity,pathya,Lasuna (Garlic),garlic,cooked,pungent,guru; snigdha; tikshna,heating,pungent,V-2 P+2 K-2,Rasayana for Vata and the classical Amavata medicine — Lasuna carries five of the six rasas and is prescribed where its katu rasa alone would bar it.,bhavaprakasha,,,,,
obesity,pathya,Maricha (Black Pepper),black_pepper,prepared,pungent,laghu; tikshna; ruksha,heating,pungent,V-1 P+2 K-2,"Vata-kapha hara at culinary dose, where the deepana action dominates the Vata-raising tendency of katu rasa. In quantity the rasa wins — which is why Maricha is classically a pinch and not a spoon.",bhavaprakasha,,,,,
obesity,pathya,Mastu (Whey),whey,prepared,sour; astringent,laghu; ruksha,heating,sour,V-1 P+0 K-1,"Srotoshodhaka — it clears the channels, which is why the watery part of curd is given where curd itself blocks them.",bhavaprakasha,,,,,
obesity,pathya,Masura (Masoor Dal),masoor_dal,cooked,sweet; astringent,laghu; ruksha,heating,pungent,V+1 P+0 K-1,"Grahi — it binds the stool, which is why Masura is given in loose motions and is the legume withheld in constipation.",bhavaprakasha,,,,,
obesity,pathya,Masura (Whole Brown Lentil),lentils_brown,cooked,sweet; astringent,guru; ruksha,heating,pungent,V+2 P+0 K-1,,bhavaprakasha,,,,,
obesity,pathya,Methika Patra (Fenugreek Leaves),methi_fenugreek_leaves,cooked,bitter; astringent,laghu; ruksha,heating,pungent,V-1 P+1 K-2,"Deepana and Vata-hara despite a tikta-kashaya rasa that raises Vata by rule — the leaf is warming where the rasa is not, which is why Methi greens are a winter Shaka.",bhavaprakasha,,,,,
obesity,pathya,Mudga (Sprouted Moong),sprouted_moong,sprouted,sweet; astringent,laghu; ruksha; chala,cooling,pungent,V+2 P-1 K-1,,bhavaprakasha,,,,,
obesity,pathya,Mudga (Whole Green Gram),moong_dal_green,cooked,sweet; astringent,laghu; ruksha,cooling,pungent,V+1 P-1 K-1,,bhavaprakasha,,,,,
obesity,pathya,Mudga (Yellow Moong Dal),moong_dal_yellow,cooked,sweet; astringent,laghu; ruksha,cooling,pungent,V+0 P-1 K-1,"Shreshtha among the Shimbi — the one legume the texts call tridoshaghna and prescribe in fever, in convalescence and to a weak Agni, where every other legume in this varga is withheld.",bhavaprakasha,,,,,
obesity,pathya,Nimbu Jala (Lemon Water),lemon_water,prepared,sour,laghu; ruksha,heating,sour,V-1 P+1 K-1,"Kapha-hara despite amla rasa, which raises Kapha by rule. Nimbu's laghu-ruksha guna and its deepana-lekhana action govern — the reason warm lemon water is the classical morning drink for Ama and not a Kapha-aggravating one.",bhavaprakasha,,,,,
obesity,pathya,Palakya (Palak),palak,cooked,sweet; astringent; bitter,guru; ruksha,cooling,pungent,V+2 P-1 K-1,,bhavaprakasha,,,,,
obesity,pathya,Palakya (Spinach),spinach,cooked,sweet; astringent; bitter,guru; ruksha,cooling,pungent,V+2 P-1 K-1,,bhavaprakasha,,,,,
obesity,pathya,Pineapple,pineapple,ripe,sweet; sour,guru; tikshna,heating,sour,V-1 P+1 K-1,,no — extrapolated,,,,,
obesity,pathya,Quinoa,quinoa,cooked,sweet; astringent,laghu; ruksha,cooling,sweet,V+0 P-1 K-1,,no — extrapolated,,,,,
obesity,pathya,Sarshapa Taila (Mustard Oil),mustard_oil,prepared,pungent; bitter,laghu; snigdha; tikshna,heating,pungent,V-1 P+2 K-2,"Vata-hara despite katu-tikta rasa: it is a sneha, and the oleating quality reaches Vata where the rasa alone would raise it. Classically kapha-vata hara and decidedly Pitta-vardhaka.",bhavaprakasha,,,,,
obesity,pathya,Shigru (Drumstick / Moringa),drumstick_moringa,cooked,pungent; bitter,laghu; ruksha; tikshna,heating,pungent,V-1 P+1 K-2,"Shothahara and Krimighna — Shigru is the anti-inflammatory Shaka, given in Amavata and in Shotha where a katu-tikta vegetable would otherwise be avoided for Vata.",bhavaprakasha,,,,,
obesity,pathya,Shunthi (Dry Ginger),ginger_dry_saunth,prepared,pungent,laghu; snigdha,heating,sweet,V-2 P+1 K-2,"Madhura vipaka despite katu rasa — the classical exception for Shunthi, and the reason dry ginger nourishes where fresh Ardraka only stimulates. The same action makes it vata-hara where katu rasa alone would raise Vata.",bhavaprakasha,,,,,
obesity,pathya,Shunthi Kwatha (Ginger Tea),ginger_tea,prepared,pungent,laghu; snigdha,heating,sweet,V-2 P+1 K-2,"Made from Shunthi, and carries its exception: madhura vipaka despite katu rasa, and vata-hara where the rasa alone would raise Vata.",bhavaprakasha,,,,,
obesity,pathya,Takra (Buttermilk),buttermilk_chaas,prepared,sour; astringent,laghu; ruksha,heating,sour,V-1 P+0 K-1,"Grahi and deepana — the classical Grahani medicine, and the reason Takra is prescribed where Dadhi, made from the same milk, is withheld (Charaka Chikitsa 15).",bhavaprakasha,,,,,
obesity,pathya,Tindora (Ivy Gourd),ivy_gourd_tindora,cooked,bitter; astringent,laghu; ruksha,cooling,pungent,V+1 P-1 K-1,,bhavaprakasha,,,,,
obesity,pathya,Twak (Cinnamon),cinnamon_dalchini,prepared,pungent; bitter; sweet,laghu; ruksha; tikshna,heating,pungent,V-1 P+1 K-2,,bhavaprakasha,,,,,
obesity,pathya,Yava (Barley),barley,cooked,sweet; astringent,laghu; ruksha; chala,cooling,pungent,V+1 P-1 K-2,"Medohara and Kapha-hara despite madhura rasa — the textbook Prabhava, and the reason Yava is the grain prescribed in Sthaulya and Prameha while Shali is withheld.",bhavaprakasha,,,,,
obesity,pathya,Zucchini,zucchini,cooked,sweet,laghu; drava,cooling,sweet,V+0 P-1 K+0,,no — extrapolated,,,,,
pcos,apathya,Soy Milk,soy_milk,prepared,sweet; astringent,guru; picchila,cooling,sweet,V+1 P-1 K+1,,no — extrapolated,,,,,
pcos,apathya,Soya Chunks,soya_chunks,cooked,sweet; astringent,guru; ruksha,cooling,pungent,V+2 P+0 K+0,,no — extrapolated,,,,,
pcos,apathya,Tofu,vegan_paneer_tofu,prepared,sweet; astringent,guru; picchila,cooling,sweet,V+1 P-1 K+1,,no — extrapolated,,,,,
pcos,apathya,Tofu (Firm),tofu_firm,prepared,sweet; astringent,guru; picchila,cooling,sweet,V+1 P-1 K+1,,no — extrapolated,,,,,
pcos,pathya,Asparagus,asparagus,cooked,sweet; bitter,guru; snigdha,cooling,sweet,V-1 P-2 K+0,,no — extrapolated,,,,,
pcos,pathya,Atasi (Flax Seeds),flax_seeds,raw,sweet; astringent,guru; snigdha; picchila,heating,pungent,V-2 P+1 K+0,"Ushna virya and katu vipaka against a madhura-kashaya rasa — the classical caution on Atasi, and why it is a Vata-Kapha seed rather than a cooling one.",bhavaprakasha,,,,,
pcos,pathya,Flax Milk,flax_milk,prepared,sweet; astringent,guru; snigdha; picchila,heating,pungent,V-1 P+1 K+0,"Atasi is ushna virya and katu vipaka against a madhura-kashaya rasa, and Pitta-vardhaka with it — the classical caution on flax, which is why it is a Vata-Kapha seed and not a cooling one. Cited for the seed; carried to the milk by extrapolation.",no — extrapolated,,,,,
pcos,pathya,Kushmanda Bija (Pumpkin Seeds),pumpkin_seeds,raw,sweet,guru; snigdha,cooling,sweet,V-1 P-1 K+1,"Krimighna and Mutrala — the anthelmintic and diuretic actions the texts give Kushmanda seed, neither of which follows from its rasa.",bhavaprakasha,,,,,
pcos,pathya,Methika (Fenugreek Seed),fenugreek_seeds_methi,prepared,bitter; pungent,laghu; snigdha,heating,pungent,V-1 P+1 K-2,Vata-kapha hara — the snigdha guna offsets the ruksha tendency its tikta-katu rasa would otherwise carry into Vata.,bhavaprakasha,,,,,
pcos,pathya,Quinoa,quinoa,cooked,sweet; astringent,laghu; ruksha,cooling,sweet,V+0 P-1 K-1,,no — extrapolated,,,,,
pcos,pathya,Yava (Barley),barley,cooked,sweet; astringent,laghu; ruksha; chala,cooling,pungent,V+1 P-1 K-2,"Medohara and Kapha-hara despite madhura rasa — the textbook Prabhava, and the reason Yava is the grain prescribed in Sthaulya and Prameha while Shali is withheld.",bhavaprakasha,,,,,
pregnancy,apathya,Eranda-karkati (Papaya),papaya,ripe,sweet,guru; tikshna,heating,pungent,V-1 P+1 K-1,Deepana and Bhedana — the digestive and purgative action that makes papaya a medicine for a sluggish gut and a uterine stimulant in pregnancy. Both come from the same Prabhava.,bhavaprakasha,,,,,
pregnancy,apathya,Eranda-karkati (Raw Papaya),raw_papaya,unripe,astringent; bitter,laghu; tikshna; ruksha,heating,pungent,V+1 P+1 K-2,"Bhedana and a uterine stimulant — unripe papaya carries the action far more strongly than the ripe fruit, which is the whole basis of the pregnancy bar.",bhavaprakasha,,,,,
pregnancy,apathya,Haridra (Turmeric),turmeric,prepared,bitter; pungent,ruksha; laghu,heating,pungent,V+0 P-1 K-2,,bhavaprakasha,,,,,
pregnancy,apathya,Lasuna (Garlic),garlic,cooked,pungent,guru; snigdha; tikshna,heating,pungent,V-2 P+2 K-2,Rasayana for Vata and the classical Amavata medicine — Lasuna carries five of the six rasas and is prescribed where its katu rasa alone would bar it.,bhavaprakasha,,,,,
pregnancy,apathya,Methika (Fenugreek Seed),fenugreek_seeds_methi,prepared,bitter; pungent,laghu; snigdha,heating,pungent,V-1 P+1 K-2,Vata-kapha hara — the snigdha guna offsets the ruksha tendency its tikta-katu rasa would otherwise carry into Vata.,bhavaprakasha,,,,,
pregnancy,apathya,Methika Patra (Fenugreek Leaves),methi_fenugreek_leaves,cooked,bitter; astringent,laghu; ruksha,heating,pungent,V-1 P+1 K-2,"Deepana and Vata-hara despite a tikta-kashaya rasa that raises Vata by rule — the leaf is warming where the rasa is not, which is why Methi greens are a winter Shaka.",bhavaprakasha,,,,,
pregnancy,apathya,Pineapple,pineapple,ripe,sweet; sour,guru; tikshna,heating,sour,V-1 P+1 K-1,,no — extrapolated,,,,,
pregnancy,apathya,Shigru (Drumstick / Moringa),drumstick_moringa,cooked,pungent; bitter,laghu; ruksha; tikshna,heating,pungent,V-1 P+1 K-2,"Shothahara and Krimighna — Shigru is the anti-inflammatory Shaka, given in Amavata and in Shotha where a katu-tikta vegetable would otherwise be avoided for Vata.",bhavaprakasha,,,,,
psoriasis,apathya,Amra (Mango),mango,ripe,sweet,guru; snigdha,heating,sweet,V-2 P+1 K+2,"Ripe Amra is Vrishya and Balya, and ushna despite a purely madhura rasa — the reason it is a summer fruit that nonetheless aggravates Pitta in quantity.",bhavaprakasha,,,,,
psoriasis,apathya,Amra (Raw Mango),raw_mango,unripe,sour; astringent,laghu; ruksha,heating,sour,V+1 P+2 K-1,,bhavaprakasha,,,,,
psoriasis,apathya,Ardraka (Fresh Ginger),ginger,fresh,pungent,guru; snigdha; tikshna,heating,pungent,V-2 P+1 K-2,Ardraka is guru and snigdha with katu vipaka where dried Shunthi is laghu with madhura vipaka. Fresh and dry are two dravyas and the texts prescribe them differently — this row and `ginger_dry_saunth` are that distinction.,bhavaprakasha,,,,,
psoriasis,apathya,Atasi (Flax Seeds),flax_seeds,raw,sweet; astringent,guru; snigdha; picchila,heating,pungent,V-2 P+1 K+0,"Ushna virya and katu vipaka against a madhura-kashaya rasa — the classical caution on Atasi, and why it is a Vata-Kapha seed rather than a cooling one.",bhavaprakasha,,,,,
psoriasis,apathya,Badama (Almonds),almonds,raw,sweet,guru; snigdha,heating,sweet,V-2 P+1 K+2,"Medhya, Balya and Vrishya — the actions that make Badama a Rasayana rather than a fat, and the reason it is soaked and peeled before use.",bhavaprakasha,,,,,
psoriasis,apathya,Bajra (Pearl Millet),millet_bajra,cooked,sweet; astringent,laghu; ruksha,heating,pungent,V+1 P+1 K-2,"Ushna virya and Pitta-vardhaka against a madhura-kashaya rasa that would pacify Pitta by rule — the classical caution on Bajra, and why it is a winter grain and not a summer one.",bhavaprakasha,,,,,
psoriasis,apathya,Cashew Cream,cashew_cream,prepared,sweet,guru; snigdha,heating,sweet,V-2 P+1 K+2,"Pitta-vardhaka despite madhura rasa — Kaju is ushna virya, the one sweet nut the texts warn against in Pitta, and blending it into a cream concentrates rather than tempers that.",no — extrapolated,,,,,
psoriasis,apathya,Coconut Yogurt,coconut_yogurt,prepared,sweet; sour,guru; snigdha,heating,sour,V-1 P+1 K+1,,no — extrapolated,,,,,
psoriasis,apathya,Dadhi (Curd),curd_yogurt,prepared,sour; sweet,guru; snigdha; picchila,heating,sour,V-1 P+2 K+2,,bhavaprakasha,,,,,
psoriasis,apathya,Flax Milk,flax_milk,prepared,sweet; astringent,guru; snigdha; picchila,heating,pungent,V-1 P+1 K+0,"Atasi is ushna virya and katu vipaka against a madhura-kashaya rasa, and Pitta-vardhaka with it — the classical caution on flax, which is why it is a Vata-Kapha seed and not a cooling one. Cited for the seed; carried to the milk by extrapolation.",no — extrapolated,,,,,
psoriasis,apathya,Kaju (Cashews),cashews,raw,sweet,guru; snigdha,heating,sweet,V-2 P+2 K+2,The one sweet nut the texts warn against in Pitta — Kaju is ushna and Vidahi where its madhura rasa says it should cool.,bhavaprakasha,,,,,
psoriasis,apathya,Kanda (Yam),yam,cooked,sweet; astringent,guru; ruksha,heating,sweet,V-1 P+1 K-1,"Arshoghna — Surana is the classical haemorrhoid remedy, the action it is named for and one no part of its rasa predicts.",bhavaprakasha,,,,,
psoriasis,apathya,Katuvira (Capsicum),capsicum_bell_pepper,cooked,pungent; sweet,laghu; ruksha,heating,pungent,V-1 P+1 K-1,,no — extrapolated,,,,,
psoriasis,apathya,Kuttu (Buckwheat),buckwheat,cooked,sweet; astringent,laghu; ruksha,heating,pungent,V+1 P+1 K-1,Ushna virya and Pitta-vardhaka against a rasa that would pacify Pitta — the reason Kuttu is a Vrata grain for cold months and sits badly in Grishma.,no — extrapolated,,,,,
psoriasis,apathya,Lasuna (Garlic),garlic,cooked,pungent,guru; snigdha; tikshna,heating,pungent,V-2 P+2 K-2,Rasayana for Vata and the classical Amavata medicine — Lasuna carries five of the six rasas and is prescribed where its katu rasa alone would bar it.,bhavaprakasha,,,,,
psoriasis,apathya,Mandapi (Peanuts),peanuts,raw,sweet; astringent,guru; snigdha,heating,sweet,V-1 P+2 K+2,"Ushna and Vidahi against a madhura rasa — the peanut heats and burns where its rasa says it should cool, which is the classical caution and the reason it is withheld in Amlapitta and Kushtha.",bhavaprakasha,,,,,
psoriasis,apathya,Mandapi (Roasted Peanuts),peanuts_roasted,roasted,sweet; astringent,guru; ruksha; tikshna,heating,sweet,V-1 P+2 K+1,"Roasting turns Mandapi ruksha and more Vidahi than the raw seed — the same dravya, a sharper one, and the reason roasted peanuts sit worse in Amlapitta than boiled ones.",bhavaprakasha,,,,,
psoriasis,apathya,Masha (Urad Dal),urad_dal,cooked,sweet,guru; snigdha; picchila,heating,sweet,V-2 P+2 K+2,"Ushna virya and Pitta-vardhaka against a madhura rasa that pacifies Pitta by rule — Masha is Balya and Vrishya, the strength-building legume, and the pole opposite Mudga in this varga. It is the black gram named first in the Amavata Apathya.",bhavaprakasha,,,,,
psoriasis,apathya,Mushroom,mushroom,cooked,sweet; astringent,guru; picchila,cooling,pungent,V+1 P-1 K+1,,bhavaprakasha,,,,,
psoriasis,apathya,Nimbu Jala (Lemon Water),lemon_water,prepared,sour,laghu; ruksha,heating,sour,V-1 P+1 K-1,"Kapha-hara despite amla rasa, which raises Kapha by rule. Nimbu's laghu-ruksha guna and its deepana-lekhana action govern — the reason warm lemon water is the classical morning drink for Ama and not a Kapha-aggravating one.",bhavaprakasha,,,,,
psoriasis,apathya,Nutritional Yeast,nutritional_yeast,prepared,astringent; bitter,laghu; ruksha,heating,pungent,V+1 P+0 K-2,,no — extrapolated,,,,,
psoriasis,apathya,Palandu (Onion),onion,cooked,pungent; sweet,guru; snigdha; tikshna,heating,pungent,V-1 P+2 K-1,,bhavaprakasha,,,,,
psoriasis,apathya,Pineapple,pineapple,ripe,sweet; sour,guru; tikshna,heating,sour,V-1 P+1 K-1,,no — extrapolated,,,,,
psoriasis,apathya,Raktaphala (Tomato),tomato,raw,sour; sweet,laghu; snigdha,heating,sour,V-1 P+2 K-1,,no — extrapolated,,,,,
psoriasis,apathya,Sarshapa Taila (Mustard Oil),mustard_oil,prepared,pungent; bitter,laghu; snigdha; tikshna,heating,pungent,V-1 P+2 K-2,"Vata-hara despite katu-tikta rasa: it is a sneha, and the oleating quality reaches Vata where the rasa alone would raise it. Classically kapha-vata hara and decidedly Pitta-vardhaka.",bhavaprakasha,,,,,
psoriasis,apathya,Tempeh,tempeh,fermented,sweet; astringent,guru; ruksha,heating,pungent,V+1 P+1 K+0,,no — extrapolated,,,,,
psoriasis,apathya,Tila (Sesame Seeds),sesame_seeds_til,raw,sweet; bitter; astringent,guru; snigdha,heating,pungent,V-2 P+1 K+1,"Balya and Vata-hara, and the Kushtha caution that comes with it — Tila with milk is named Viruddha in the Kushtha Nidana (Charaka Chikitsa 7).",bhavaprakasha,,,,,
psoriasis,apathya,Tila Taila (Sesame Oil),sesame_oil,prepared,sweet; bitter; astringent,guru; snigdha; tikshna,heating,pungent,V-2 P+1 K+1,"Pitta-vardhaka despite a rasa set that is entirely Pitta-pacifying — the ushna virya governs here, which is why Tila Taila is the Vata oil and not the Pitta one.",bhavaprakasha,,,,,
psoriasis,apathya,Whole Wheat Bread,bread_whole_wheat,fermented,sweet; sour,guru; ruksha; sthira,heating,sour,V+1 P+1 K+2,"Vata-vardhaka against a madhura-amla rasa that pacifies Vata by rule. Yeast fermentation makes the loaf ruksha and khara where the wheat was snigdha, and Vata follows the guna here rather than the rasa — the same reason dry, aerated food is withheld in Vata disorders.",no — extrapolated,,,,,
psoriasis,pathya,Amalaki (Amla),amla,ripe,sour; astringent; sweet,laghu; ruksha,cooling,sweet,V-1 P-2 K-1,Amla rasa with shita virya and madhura vipaka — the combination is unique to Amalaki and is why the one sour fruit in the pharmacopoeia is given freely in Pitta. Rasayana and tridoshaghna.,bhavaprakasha,,,,,
psoriasis,pathya,Haridra (Turmeric),turmeric,prepared,bitter; pungent,ruksha; laghu,heating,pungent,V+0 P-1 K-2,,bhavaprakasha,,,,,
psoriasis,pathya,Karavellaka (Bitter Gourd),bitter_gourd_karela,cooked,bitter,laghu; ruksha,heating,pungent,V+1 P-1 K-2,"The Prameha vegetable — Karavellaka's sugar-reducing action is the one the texts single it out for, and it is ushna against a tikta rasa that would cool.",bhavaprakasha,,,,,
psoriasis,pathya,Narikela (Fresh Coconut),coconut,ripe,sweet,guru; snigdha,cooling,sweet,V-1 P-2 K+2,,bhavaprakasha,,,,,
psoriasis,pathya,Narikela Ksheera (Coconut Milk),coconut_milk,prepared,sweet,guru; snigdha,cooling,sweet,V-1 P-2 K+2,,bhavaprakasha,,,,,
psoriasis,pathya,Narikela Taila (Coconut Oil),coconut_oil,prepared,sweet,guru; snigdha; manda,cooling,sweet,V-1 P-2 K+1,,bhavaprakasha,,,,,
thyroid,apathya,Broccoli,broccoli,cooked,bitter; astringent,laghu; ruksha,cooling,pungent,V+2 P-1 K-1,,no — extrapolated,withheld_in_kapha_condition_but_kapha_reducing,"laghu and Kapha-reducing, so the classical profile does not explain the restriction",,,
thyroid,apathya,Cabbage,cabbage,cooked,astringent; sweet,laghu; ruksha,cooling,pungent,V+2 P-1 K-1,,no — extrapolated,withheld_in_kapha_condition_but_kapha_reducing,"laghu and Kapha-reducing, so the classical profile does not explain the restriction",,,
thyroid,apathya,Cauliflower,cauliflower,cooked,astringent; sweet,laghu; ruksha,cooling,pungent,V+2 P-1 K-1,,no — extrapolated,withheld_in_kapha_condition_but_kapha_reducing,"laghu and Kapha-reducing, so the classical profile does not explain the restriction",,,
thyroid,apathya,Edamame,edamame,cooked,sweet; astringent,guru; ruksha,cooling,pungent,V+1 P-1 K+0,,no — extrapolated,,,,,
thyroid,apathya,Soy Milk,soy_milk,prepared,sweet; astringent,guru; picchila,cooling,sweet,V+1 P-1 K+1,,no — extrapolated,,,,,
thyroid,apathya,Soya Chunks,soya_chunks,cooked,sweet; astringent,guru; ruksha,cooling,pungent,V+2 P+0 K+0,,no — extrapolated,,,,,
thyroid,apathya,Tofu,vegan_paneer_tofu,prepared,sweet; astringent,guru; picchila,cooling,sweet,V+1 P-1 K+1,,no — extrapolated,,,,,
thyroid,apathya,Tofu (Firm),tofu_firm,prepared,sweet; astringent,guru; picchila,cooling,sweet,V+1 P-1 K+1,,no — extrapolated,,,,,
